price,listing-location,bed,bath,surface_area,location,price_per_surface
300000000,"Sedayu, Bantul",2,1,60.0,Bantul,5000000.0
900000000,"Kasihan, Bantul",3,2,111.0,Bantul,8108108.108108108
450000000,"Plered, Bantul",2,1,97.0,Bantul,4639175.257731959
2500000000,"Kasihan, Bantul",3,3,352.0,Bantul,7102272.7272727275
2500000000,"Kasihan, Bantul",3,3,352.0,Bantul,7102272.7272727275
300000000,"Kasihan, Bantul",1,1,52.0,Bantul,5769230.769230769
410000000,"Bantul, Bantul",2,1,80.0,Bantul,5125000.0
675000000,"Bantul, Bantul",2,1,85.0,Bantul,7941176.470588235
455000000,"Sedayu, Bantul",2,1,83.0,Bantul,5481927.710843373
690000000,"Bantul, Bantul",3,2,76.0,Bantul,9078947.368421054
2500000000,"Kasihan, Bantul",3,3,352.0,Bantul,7102272.7272727275
675000000,"Banguntapan, Bantul",2,1,85.0,Bantul,7941176.470588235
850000000,"Kasihan, Bantul",3,2,80.0,Bantul,10625000.0
900000000,"Banguntapan, Bantul",3,3,98.0,Bantul,9183673.469387755
375000000,"Sedayu, Bantul",2,1,82.0,Bantul,4573170.731707317
645000000,"Banguntapan, Bantul",3,1,93.0,Bantul,6935483.870967742
645000000,"Banguntapan, Bantul",3,1,93.0,Bantul,6935483.870967742
890000000,"Banguntapan, Bantul",3,2,85.0,Bantul,10470588.235294119
790000000,"Banguntapan, Bantul",3,2,75.0,Bantul,10533333.333333334
407000000,"Jetis, Bantul",2,1,80.0,Bantul,5087500.0
400000000,"Pajangan, Bantul",2,1,90.0,Bantul,4444444.444444444
400000000,"Pajangan, Bantul",2,1,90.0,Bantul,4444444.444444444
850000000,"Banguntapan, Bantul",3,2,102.0,Bantul,8333333.333333333
850000000,"Banguntapan, Bantul",3,2,102.0,Bantul,8333333.333333333
808000000,"Bantul, Bantul",3,2,85.0,Bantul,9505882.352941176
690000000,"Banguntapan, Bantul",3,2,78.0,Bantul,8846153.846153846
675000000,"Banguntapan, Bantul",2,1,85.0,Bantul,7941176.470588235
2500000000,"Kasihan, Bantul",3,3,352.0,Bantul,7102272.7272727275
1600000000,"Bantul, Bantul",4,3,193.0,Bantul,8290155.440414508
3000000000,"Bantul, Bantul",4,2,262.0,Bantul,11450381.679389313
595000000,"Banguntapan, Bantul",3,1,93.0,Bantul,6397849.462365591
500000000,"Sewon, Bantul",3,1,97.0,Bantul,5154639.175257732
950000000,"Kasihan, Bantul",3,1,108.0,Bantul,8796296.296296297
480000000,"Kasihan, Bantul",3,1,98.0,Bantul,4897959.183673469
1000000000,"Sedayu, Bantul",7,5,110.0,Bantul,9090909.090909092
550000000,"Banguntapan, Bantul",6,3,94.0,Bantul,5851063.829787234
1600000000,"Banguntapan, Bantul",3,3,156.0,Bantul,10256410.256410256
755000000,"Banguntapan, Bantul",2,1,101.0,Bantul,7475247.524752475
790000000,"Banguntapan, Bantul",3,2,78.0,Bantul,10128205.128205128
675000000,"Banguntapan, Bantul",2,1,85.0,Bantul,7941176.470588235
990000000,"Banguntapan, Bantul",2,2,109.0,Bantul,9082568.80733945
950000000,"Jetis, Bantul",5,5,110.0,Bantul,8636363.636363637
690000000,"Bantul, Bantul",3,2,77.0,Bantul,8961038.96103896
808000000,"Bantul, Bantul",3,2,79.0,Bantul,10227848.101265823
675000000,"Banguntapan, Bantul",2,1,85.0,Bantul,7941176.470588235
475000000,"Bantul, Bantul",3,2,101.0,Bantul,4702970.297029703
500000000,"Sewon, Bantul",2,1,97.0,Bantul,5154639.175257732
790000000,"Banguntapan, Bantul",3,2,75.0,Bantul,10533333.333333334
800000000,"Sewon, Bantul",4,2,107.0,Bantul,7476635.514018691
950000000,"Kasihan, Bantul",3,2,150.0,Bantul,6333333.333333333
750000000,"Kasihan, Bantul",3,2,81.0,Bantul,9259259.25925926
750000000,"Kasihan, Bantul",3,2,81.0,Bantul,9259259.25925926
950000000,"Banguntapan, Bantul",4,4,90.0,Bantul,10555555.555555556
950000000,"Banguntapan, Bantul",2,2,109.0,Bantul,8715596.33027523
800000000,"Sewon, Bantul",4,2,107.0,Bantul,7476635.514018691
950000000,"Banguntapan, Bantul",2,2,109.0,Bantul,8715596.33027523
350000000,"Pajangan, Bantul",2,1,80.0,Bantul,4375000.0
800000000,"Banguntapan, Bantul",3,1,75.0,Bantul,10666666.666666666
240000000,"Bantul, Bantul",2,1,45.0,Bantul,5333333.333333333
400000000,"Pajangan, Bantul",2,1,90.0,Bantul,4444444.444444444
835000000,"Banguntapan, Bantul",3,2,102.0,Bantul,8186274.509803922
675000000,"Banguntapan, Bantul",3,2,99.0,Bantul,6818181.818181818
2500000000,"Kasihan, Bantul",3,3,352.0,Bantul,7102272.7272727275
2500000000,"Kasihan, Bantul",3,3,352.0,Bantul,7102272.7272727275
1350000000,"Banguntapan, Bantul",4,3,204.0,Bantul,6617647.05882353
410000000,"Banguntapan, Bantul",2,1,75.0,Bantul,5466666.666666667
2200000000,"Banguntapan, Bantul",5,3,241.0,Bantul,9128630.705394192
399000000,"Sedayu, Bantul",2,1,83.0,Bantul,4807228.915662651
665000000,"Banguntapan, Bantul",3,1,97.0,Bantul,6855670.103092783
3600000000,"Banguntapan, Bantul",5,5,416.0,Bantul,8653846.153846154
800000000,"Sewon, Bantul",4,2,107.0,Bantul,7476635.514018691
525000000,"Sewon, Bantul",3,1,112.0,Bantul,4687500.0
650000000,"Plered, Bantul",3,2,126.0,Bantul,5158730.158730159
475000000,"Kasihan, Bantul",3,1,93.0,Bantul,5107526.88172043
890000000,"Banguntapan, Bantul",3,2,85.0,Bantul,10470588.235294119
500000000,"Kasihan, Bantul",2,1,88.0,Bantul,5681818.181818182
450000000,"Sewon, Bantul",2,1,75.0,Bantul,6000000.0
1400000000,"Sewon, Bantul",12,12,150.0,Bantul,9333333.333333334
2300000000,"Banguntapan, Bantul",11,11,562.0,Bantul,4092526.690391459
675000000,"Banguntapan, Bantul",2,1,85.0,Bantul,7941176.470588235
890000000,"Banguntapan, Bantul",3,2,85.0,Bantul,10470588.235294119
2250000000,"Bantul, Bantul",5,4,217.0,Bantul,10368663.594470046
2000000000,"Banguntapan, Bantul",6,5,288.0,Bantul,6944444.444444444
690000000,"Sewon, Bantul",3,1,138.0,Bantul,5000000.0
1100000000,"Banguntapan, Bantul",3,3,112.0,Bantul,9821428.57142857
690000000,"Sewon, Bantul",3,1,138.0,Bantul,5000000.0
610000000,"Kasihan, Bantul",2,1,90.0,Bantul,6777777.777777778
400000000,"Kasihan, Bantul",2,1,80.0,Bantul,5000000.0
610000000,"Kasihan, Bantul",2,1,90.0,Bantul,6777777.777777778
350000000,"Sewon, Bantul",2,1,75.0,Bantul,4666666.666666667
595000000,"Banguntapan, Bantul",3,1,90.0,Bantul,6611111.111111111
660000000,"Sedayu, Bantul",2,1,96.0,Bantul,6875000.0
300000000,"Jetis, Bantul",2,1,66.0,Bantul,4545454.545454546
395000000,"Sedayu, Bantul",2,1,72.0,Bantul,5486111.111111111
690000000,"Bantul, Bantul",3,2,77.0,Bantul,8961038.96103896
808000000,"Plered, Bantul",3,2,78.0,Bantul,10358974.358974358
675000000,"Plered, Bantul",2,1,85.0,Bantul,7941176.470588235
690000000,"Bantul, Bantul",3,2,77.0,Bantul,8961038.96103896
645000000,"Banguntapan, Bantul",3,1,93.0,Bantul,6935483.870967742
645000000,"Banguntapan, Bantul",3,1,93.0,Bantul,6935483.870967742
435000000,"Bantul, Bantul",2,1,90.0,Bantul,4833333.333333333
410000000,"Bantul, Bantul",2,1,80.0,Bantul,5125000.0
2160000000,"Sewon, Bantul",17,4,304.0,Bantul,7105263.157894737
335000000,"Bantul, Bantul",2,1,60.0,Bantul,5583333.333333333
800000000,"Sewon, Bantul",4,2,107.0,Bantul,7476635.514018691
550000000,"Banguntapan, Bantul",6,3,94.0,Bantul,5851063.829787234
550000000,"Banguntapan, Bantul",6,3,94.0,Bantul,5851063.829787234
899000000,"Banguntapan, Bantul",3,4,100.0,Bantul,8990000.0
900000000,"Banguntapan, Bantul",3,4,98.0,Bantul,9183673.469387755
2200000000,"Banguntapan, Bantul",5,2,255.0,Bantul,8627450.980392156
525000000,"Sewon, Bantul",3,1,112.0,Bantul,4687500.0
550000000,"Banguntapan, Bantul",6,3,94.0,Bantul,5851063.829787234
495000000,"Jetis, Bantul",3,1,50.0,Bantul,9900000.0
265000000,"Kasihan, Bantul",2,1,60.0,Bantul,4416666.666666667
529000000,"Plered, Bantul",2,1,110.0,Bantul,4809090.909090909
789000000,"Plered, Bantul",3,2,75.0,Bantul,10520000.0
650000000,"Kasihan, Bantul",3,1,114.0,Bantul,5701754.385964912
650000000,"Kasihan, Bantul",2,1,84.0,Bantul,7738095.238095238
550000000,"Banguntapan, Bantul",6,3,92.0,Bantul,5978260.869565218
954000000,"Sedayu, Bantul",2,1,115.0,Bantul,8295652.173913044
835000000,"Banguntapan, Bantul",3,2,102.0,Bantul,8186274.509803922
1650000000,"Kasihan, Bantul",3,2,154.0,Bantul,10714285.714285715
550000000,"Banguntapan, Bantul",6,3,94.0,Bantul,5851063.829787234
325000000,"Bantul, Bantul",2,1,74.0,Bantul,4391891.891891892
475000000,"Sedayu, Bantul",2,1,78.0,Bantul,6089743.58974359
650000000,"Sedayu, Bantul",2,1,85.0,Bantul,7647058.823529412
455000000,"Sedayu, Bantul",2,1,45.0,Bantul,10111111.111111112
790000000,"Bantul, Bantul",3,2,77.0,Bantul,10259740.25974026
675000000,"Bantul, Bantul",2,1,85.0,Bantul,7941176.470588235
480000000,"Kasihan, Bantul",3,1,98.0,Bantul,4897959.183673469
690000000,"Bantul, Bantul",3,2,76.0,Bantul,9078947.368421054
435000000,"Bantul, Bantul",2,1,90.0,Bantul,4833333.333333333
870000000,"Banguntapan, Bantul",3,2,89.0,Bantul,9775280.898876404
350000000,"Pandak, Bantul",2,1,81.0,Bantul,4320987.654320988
325000000,"Pandak, Bantul",2,1,74.0,Bantul,4391891.891891892
595000000,"Banguntapan, Bantul",3,1,93.0,Bantul,6397849.462365591
645000000,"Banguntapan, Bantul",3,1,93.0,Bantul,6935483.870967742
645000000,"Banguntapan, Bantul",3,1,93.0,Bantul,6935483.870967742
445000000,"Piyungan, Bantul",3,2,83.0,Bantul,5361445.78313253
299000000,"Jetis, Bantul",2,1,66.0,Bantul,4530303.03030303
645000000,"Banguntapan, Bantul",3,1,93.0,Bantul,6935483.870967742
550000000,"Kasihan, Bantul",3,2,95.0,Bantul,5789473.684210527
645000000,"Banguntapan, Bantul",3,1,93.0,Bantul,6935483.870967742
450000000,"Kasihan, Bantul",5,2,72.0,Bantul,6250000.0
835000000,"Banguntapan, Bantul",3,2,102.0,Bantul,8186274.509803922
410000000,"Sedayu, Bantul",2,1,88.0,Bantul,4659090.909090909
699000000,"Banguntapan, Bantul",3,1,99.0,Bantul,7060606.060606061
475000000,"Sewon, Bantul",2,1,80.0,Bantul,5937500.0
645000000,"Banguntapan, Bantul",3,1,93.0,Bantul,6935483.870967742
690000000,"Bantul, Bantul",3,2,78.0,Bantul,8846153.846153846
490000000,"Sedayu, Bantul",2,1,84.0,Bantul,5833333.333333333
490000000,"Sedayu, Bantul",2,1,84.0,Bantul,5833333.333333333
475000000,"Banguntapan, Bantul",2,1,73.0,Bantul,6506849.315068494
410000000,"Sedayu, Bantul",2,1,88.0,Bantul,4659090.909090909
440000000,"Jetis, Bantul",2,1,88.0,Bantul,5000000.0
550000000,"Sewon, Bantul",2,1,85.0,Bantul,6470588.235294118
550000000,"Sewon, Bantul",2,1,85.0,Bantul,6470588.235294118
675000000,"Banguntapan, Bantul",2,2,82.0,Bantul,8231707.317073171
350000000,"Pandak, Bantul",2,1,81.0,Bantul,4320987.654320988
450000000,"Jetis, Bantul",2,1,75.0,Bantul,6000000.0
485000000,"Jetis, Bantul",2,1,75.0,Bantul,6466666.666666667
485000000,"Jetis, Bantul",2,1,75.0,Bantul,6466666.666666667
5120000000,"Banguntapan, Bantul",7,5,569.0,Bantul,8998242.530755712
415000000,"Kasihan, Bantul",2,1,77.0,Bantul,5389610.389610389
415000000,"Kasihan, Bantul",2,1,77.0,Bantul,5389610.389610389
450000000,"Kasihan, Bantul",2,2,54.0,Bantul,8333333.333333333
800000000,"Sewon, Bantul",3,2,154.0,Bantul,5194805.194805195
449000000,"Sedayu, Bantul",2,1,82.0,Bantul,5475609.756097561
4500000000,"Kasihan, Bantul",5,4,535.0,Bantul,8411214.953271028
550000000,"Kasihan, Bantul",3,2,88.0,Bantul,6250000.0
450000000,"Sedayu, Bantul",2,1,81.0,Bantul,5555555.555555556
580000000,"Sewon, Bantul",3,2,126.0,Bantul,4603174.603174604
445000000,"Piyungan, Bantul",3,2,83.0,Bantul,5361445.78313253
645000000,"Banguntapan, Bantul",3,2,93.0,Bantul,6935483.870967742
500000000,"Kasihan, Bantul",2,1,88.0,Bantul,5681818.181818182
650000000,"Sedayu, Bantul",2,1,108.0,Bantul,6018518.518518519
399000000,"Sedayu, Bantul",2,1,83.0,Bantul,4807228.915662651
399000000,"Sedayu, Bantul",2,1,83.0,Bantul,4807228.915662651
558000000,"Sedayu, Bantul",3,2,73.0,Bantul,7643835.616438356
558000000,"Sedayu, Bantul",3,2,73.0,Bantul,7643835.616438356
715000000,"Kasihan, Bantul",2,2,92.0,Bantul,7771739.130434782
715000000,"Kasihan, Bantul",2,2,92.0,Bantul,7771739.130434782
4950000000,"Banguntapan, Bantul",5,6,748.0,Bantul,6617647.05882353
920000000,"Banguntapan, Bantul",3,3,107.0,Bantul,8598130.841121495
920000000,"Banguntapan, Bantul",3,3,107.0,Bantul,8598130.841121495
475000000,"Sewon, Bantul",2,1,80.0,Bantul,5937500.0
335000000,"Kasihan, Bantul",2,1,75.0,Bantul,4466666.666666667
475000000,"Bantul, Bantul",3,2,101.0,Bantul,4702970.297029703
535000000,"Sewon, Bantul",3,2,100.0,Bantul,5350000.0
593000000,"Kasihan, Bantul",3,2,91.0,Bantul,6516483.516483516
595000000,"Banguntapan, Bantul",3,1,93.0,Bantul,6397849.462365591
835000000,"Banguntapan, Bantul",3,2,102.0,Bantul,8186274.509803922
835000000,"Banguntapan, Bantul",3,2,102.0,Bantul,8186274.509803922
900000000,"Banguntapan, Bantul",4,5,95.0,Bantul,9473684.210526315
345000000,"Sedayu, Bantul",2,1,80.0,Bantul,4312500.0
1500000000,"Kasihan, Bantul",2,2,195.0,Bantul,7692307.692307692
250000000,"Plered, Bantul",2,1,60.0,Bantul,4166666.6666666665
250000000,"Plered, Bantul",2,1,60.0,Bantul,4166666.6666666665
315000000,"Sedayu, Bantul",2,1,36.0,Bantul,8750000.0
535000000,"Sewon, Bantul",3,2,100.0,Bantul,5350000.0
1900000000,"Banguntapan, Bantul",4,2,432.0,Bantul,4398148.148148148
1900000000,"Sedayu, Bantul",2,1,180.0,Bantul,10555555.555555556
445000000,"Piyungan, Bantul",3,2,83.0,Bantul,5361445.78313253
445000000,"Piyungan, Bantul",3,2,83.0,Bantul,5361445.78313253
450000000,"Banguntapan, Bantul",2,1,103.0,Bantul,4368932.038834952
335000000,"Kasihan, Bantul",2,1,75.0,Bantul,4466666.666666667
850000000,"Sedayu, Bantul",2,1,143.0,Bantul,5944055.944055944
430000000,"Sedayu, Bantul",2,1,81.0,Bantul,5308641.975308642
350000000,"Sewon, Bantul",2,1,75.0,Bantul,4666666.666666667
440000000,"Jetis, Bantul",2,1,88.0,Bantul,5000000.0
407000000,"Plered, Bantul",2,1,80.0,Bantul,5087500.0
298000000,"Pajangan, Bantul",2,1,61.0,Bantul,4885245.901639344
298000000,"Pajangan, Bantul",2,1,61.0,Bantul,4885245.901639344
835000000,"Banguntapan, Bantul",3,2,102.0,Bantul,8186274.509803922
2500000000,"Banguntapan, Bantul",4,3,291.0,Bantul,8591065.29209622
750000000,"Banguntapan, Bantul",3,2,141.0,Bantul,5319148.936170213
450000000,"Banguntapan, Bantul",2,1,97.0,Bantul,4639175.257731959
545000000,"Banguntapan, Bantul",3,1,117.0,Bantul,4658119.658119658
920000000,"Banguntapan, Bantul",3,3,105.0,Bantul,8761904.761904761
645000000,"Banguntapan, Bantul",3,1,93.0,Bantul,6935483.870967742
645000000,"Banguntapan, Bantul",3,1,93.0,Bantul,6935483.870967742
415000000,"Kasihan, Bantul",2,1,77.0,Bantul,5389610.389610389
395000000,"Sedayu, Bantul",2,1,36.0,Bantul,10972222.222222222
395000000,"Kasihan, Bantul",2,1,77.0,Bantul,5129870.12987013
743000000,"Kasihan, Bantul",2,2,81.0,Bantul,9172839.50617284
450000000,"Kasihan, Bantul",2,1,101.0,Bantul,4455445.544554455
450000000,"Kasihan, Bantul",2,1,101.0,Bantul,4455445.544554455
549000000,"Bantul, Bantul",3,1,83.0,Bantul,6614457.831325301
305000000,"Wonosari, Gunung Kidul",2,1,66.0,Gunung Kidul,4621212.121212121
310000000,"Wonosari, Gunung Kidul",2,1,72.0,Gunung Kidul,4305555.555555556
310000000,"Wonosari, Gunung Kidul",2,1,72.0,Gunung Kidul,4305555.555555556
315000000,"Wonosari, Gunung Kidul",2,1,45.0,Gunung Kidul,7000000.0
312000000,"Wonosari, Gunung Kidul",2,1,45.0,Gunung Kidul,6933333.333333333
513000000,"Playen, Gunung Kidul",2,1,79.0,Gunung Kidul,6493670.886075949
280000000,"Wonosari, Gunung Kidul",2,1,100.0,Gunung Kidul,2800000.0
278000000,"Sentolo, Kulon Progo",2,1,72.0,Kulon Progo,3861111.111111111
278000000,"Sentolo, Kulon Progo",2,1,72.0,Kulon Progo,3861111.111111111
278000000,"Sentolo, Kulon Progo",2,1,71.0,Kulon Progo,3915492.9577464787
325000000,"Kulonprogo, Kulon Progo",2,1,70.0,Kulon Progo,4642857.142857143
337000000,"Kulonprogo, Kulon Progo",2,1,74.0,Kulon Progo,4554054.054054054
331000000,"Kulonprogo, Kulon Progo",2,1,72.0,Kulon Progo,4597222.222222222
270000000,"Wates, Kulon Progo",1,1,71.0,Kulon Progo,3802816.9014084507
270000000,"Sentolo, Kulon Progo",1,1,71.0,Kulon Progo,3802816.9014084507
278000000,"Sentolo, Kulon Progo",2,1,71.0,Kulon Progo,3915492.9577464787
270000000,"Nanggulan, Kulon Progo",1,1,71.0,Kulon Progo,3802816.9014084507
270000000,"Kulonprogo, Kulon Progo",1,1,71.0,Kulon Progo,3802816.9014084507
270000000,"Wates, Kulon Progo",2,1,71.0,Kulon Progo,3802816.9014084507
278000000,"Sentolo, Kulon Progo",2,1,71.0,Kulon Progo,3915492.9577464787
270000000,"Wates, Kulon Progo",1,1,71.0,Kulon Progo,3802816.9014084507
270000000,"Sentolo, Kulon Progo",1,1,71.0,Kulon Progo,3802816.9014084507
260000000,"Sentolo, Kulon Progo",2,1,71.0,Kulon Progo,3661971.8309859154
260000000,"Sentolo, Kulon Progo",2,1,71.0,Kulon Progo,3661971.8309859154
350000000,"Sentolo, Kulon Progo",1,1,71.0,Kulon Progo,4929577.464788732
270000000,"Sentolo, Kulon Progo",1,1,71.0,Kulon Progo,3802816.9014084507
255000000,"Sentolo, Kulon Progo",2,1,71.0,Kulon Progo,3591549.295774648
275000000,"Kulonprogo, Kulon Progo",2,1,71.0,Kulon Progo,3873239.436619718
275000000,"Sentolo, Kulon Progo",2,1,71.0,Kulon Progo,3873239.436619718
260000000,"Sentolo, Kulon Progo",2,1,72.0,Kulon Progo,3611111.111111111
260000000,"Sentolo, Kulon Progo",2,1,72.0,Kulon Progo,3611111.111111111
260000000,"Sentolo, Kulon Progo",2,1,72.0,Kulon Progo,3611111.111111111
260000000,"Sentolo, Kulon Progo",2,1,72.0,Kulon Progo,3611111.111111111
260000000,"Sentolo, Kulon Progo",2,1,72.0,Kulon Progo,3611111.111111111
328000000,"Sentolo, Kulon Progo",2,1,71.0,Kulon Progo,4619718.309859155
750000000,"Wates, Kulon Progo",2,1,144.0,Kulon Progo,5208333.333333333
287000000,"Kulonprogo, Kulon Progo",2,1,72.0,Kulon Progo,3986111.111111111
327000000,"Kulonprogo, Kulon Progo",2,1,84.0,Kulon Progo,3892857.1428571427
290000000,"Kulonprogo, Kulon Progo",2,1,74.0,Kulon Progo,3918918.918918919
287000000,"Kulonprogo, Kulon Progo",2,1,71.0,Kulon Progo,4042253.5211267606
278000000,"Kulonprogo, Kulon Progo",2,1,71.0,Kulon Progo,3915492.9577464787
1790000000,"Ngaglik, Sleman",3,3,120.0,Sleman,14916666.666666666
695000000,"Berbah, Sleman",2,2,100.0,Sleman,6950000.0
560000000,"Prambanan, Sleman",3,1,109.0,Sleman,5137614.678899082
1470000000,"Depok, Sleman",5,3,125.0,Sleman,11760000.0
560000000,"Prambanan, Sleman",3,1,109.0,Sleman,5137614.678899082
2100000000,"Gamping, Sleman",11,11,206.0,Sleman,10194174.757281553
1600000000,"Ngaglik, Sleman",5,4,300.0,Sleman,5333333.333333333
875000000,"Ngaglik, Sleman",3,2,145.0,Sleman,6034482.75862069
570000000,"Ngaglik, Sleman",2,1,83.0,Sleman,6867469.879518072
750000000,"Ngemplak, Sleman",4,2,140.0,Sleman,5357142.857142857
1850000000,"Ngaglik, Sleman",4,4,166.0,Sleman,11144578.313253012
1700000000,"Depok, Sleman",4,3,169.0,Sleman,10059171.597633136
4200000000,"Ngemplak, Sleman",4,3,480.0,Sleman,8750000.0
1100000000,"Ngaglik, Sleman",4,3,171.0,Sleman,6432748.538011696
850000000,"Godean, Sleman",3,2,135.0,Sleman,6296296.296296297
3500000000,"Depok, Sleman",7,7,349.0,Sleman,10028653.29512894
1850000000,"Ngaglik, Sleman",4,3,135.0,Sleman,13703703.703703703
2000000000,"Depok, Sleman",14,14,196.0,Sleman,10204081.632653061
1400000000,"Depok, Sleman",3,2,205.0,Sleman,6829268.292682927
765000000,"Gamping, Sleman",3,2,109.0,Sleman,7018348.623853211
7500000000,"Ngaglik, Sleman",8,8,1000.0,Sleman,7500000.0
1950000000,"Depok, Sleman",3,3,128.0,Sleman,15234375.0
10000000000,"Sleman, Sleman",5,3,848.0,Sleman,11792452.830188679
1080000000,"Ngaglik, Sleman",3,2,147.0,Sleman,7346938.775510204
969000000,"Ngaglik, Sleman",3,3,102.0,Sleman,9500000.0
2100000000,"Depok, Sleman",3,3,139.0,Sleman,15107913.669064749
2100000000,"Depok, Sleman",3,3,139.0,Sleman,15107913.669064749
500000000,"Condong Catur, Sleman",3,1,72.0,Sleman,6944444.444444444
1300000000,"Ngaglik, Sleman",3,2,156.0,Sleman,8333333.333333333
3400000000,"Depok, Sleman",7,4,415.0,Sleman,8192771.084337349
10000000000,"Ngaglik, Sleman",9,5,1527.0,Sleman,6548788.474132285
2480000000,"Sleman, Sleman",4,3,192.0,Sleman,12916666.666666666
2450000000,"Gamping, Sleman",4,3,187.0,Sleman,13101604.278074866
2650000000,"Sleman, Sleman",4,3,213.0,Sleman,12441314.55399061
2430000000,"Sleman, Sleman",4,3,192.0,Sleman,12656250.0
2490000000,"Sleman, Sleman",4,3,200.0,Sleman,12450000.0
1200000000,"Mlati, Sleman",3,2,100.0,Sleman,12000000.0
900000000,"Kalasan, Sleman",4,2,120.0,Sleman,7500000.0
1450000000,"Condong Catur, Sleman",3,3,150.0,Sleman,9666666.666666666
1800000000,"Mlati, Sleman",3,2,134.0,Sleman,13432835.820895523
3500000000,"Mlati, Sleman",4,5,288.0,Sleman,12152777.777777778
299000000,"Gamping, Sleman",2,1,60.0,Sleman,4983333.333333333
1380000000,"Berbah, Sleman",3,2,107.0,Sleman,12897196.261682242
750000000,"Condong Catur, Sleman",7,2,60.0,Sleman,12500000.0
750000000,"Depok, Sleman",2,1,166.0,Sleman,4518072.289156627
900000000,"Kalasan, Sleman",3,2,140.0,Sleman,6428571.428571428
1600000000,"Ngaglik, Sleman",4,3,118.0,Sleman,13559322.033898305
1450000000,"Ngemplak, Sleman",3,2,100.0,Sleman,14500000.0
1600000000,"Depok, Sleman",4,4,126.0,Sleman,12698412.698412698
1670000000,"Depok, Sleman",4,2,162.0,Sleman,10308641.975308642
2360000000,"Sleman, Sleman",4,3,182.0,Sleman,12967032.967032967
2460000000,"Sleman, Sleman",4,3,196.0,Sleman,12551020.408163264
2430000000,"Gamping, Sleman",4,3,192.0,Sleman,12656250.0
2400000000,"Sleman, Sleman",4,3,187.0,Sleman,12834224.598930482
2540000000,"Sleman, Sleman",4,3,200.0,Sleman,12700000.0
995000000,"Depok, Sleman",3,2,109.0,Sleman,9128440.366972476
2400000000,"Sleman, Sleman",4,3,403.0,Sleman,5955334.987593052
550000000,"Mlati, Sleman",3,2,101.0,Sleman,5445544.554455445
1000000000,"Ngaglik, Sleman",6,6,131.0,Sleman,7633587.786259542
999000000,"Ngemplak, Sleman",3,3,103.0,Sleman,9699029.126213592
725000000,"Cebongan, Sleman",3,2,114.0,Sleman,6359649.1228070175
1300000000,"Mlati, Sleman",3,1,126.0,Sleman,10317460.317460317
2430000000,"Sleman, Sleman",4,3,192.0,Sleman,12656250.0
575000000,"Kalasan, Sleman",3,2,98.0,Sleman,5867346.9387755105
4200000000,"Mlati, Sleman",4,4,564.0,Sleman,7446808.510638298
1850000000,"Depok, Sleman",3,2,126.0,Sleman,14682539.682539683
3100000000,"Mlati, Sleman",7,4,225.0,Sleman,13777777.777777778
750000000,"Depok, Sleman",2,1,166.0,Sleman,4518072.289156627
799000000,"Mlati, Sleman",3,2,111.0,Sleman,7198198.198198198
8900000000,"Ngaglik, Sleman",7,6,1050.0,Sleman,8476190.476190476
950000000,"Depok, Sleman",4,4,90.0,Sleman,10555555.555555556
392000000,"Sayegan, Sleman",2,1,80.0,Sleman,4900000.0
1300000000,"Gamping, Sleman",10,6,236.0,Sleman,5508474.576271187
4200000000,"Mlati, Sleman",4,4,564.0,Sleman,7446808.510638298
2400000000,"Ngaglik, Sleman",10,10,175.0,Sleman,13714285.714285715
1650000000,"Ngaglik, Sleman",4,3,125.0,Sleman,13200000.0
550000000,"Kalasan, Sleman",3,1,116.0,Sleman,4741379.310344827
1700000000,"Ngaglik, Sleman",3,4,151.0,Sleman,11258278.145695364
1100000000,"Ngaglik, Sleman",3,2,138.0,Sleman,7971014.492753623
750000000,"Sleman, Sleman",3,2,130.0,Sleman,5769230.769230769
750000000,"Sleman, Sleman",3,2,130.0,Sleman,5769230.769230769
1650000000,"Ngaglik, Sleman",4,3,125.0,Sleman,13200000.0
1520000000,"Ngaglik, Sleman",4,2,99.0,Sleman,15353535.353535354
850000000,"Ngaglik, Sleman",3,2,114.0,Sleman,7456140.350877193
1270000000,"Depok, Sleman",3,2,130.0,Sleman,9769230.76923077
817000000,"Gamping, Sleman",2,2,103.0,Sleman,7932038.834951457
817000000,"Gamping, Sleman",2,2,103.0,Sleman,7932038.834951457
675000000,"Kalasan, Sleman",2,1,84.0,Sleman,8035714.285714285
2200000000,"Ngaglik, Sleman",4,4,150.0,Sleman,14666666.666666666
800000000,"Ngemplak, Sleman",3,2,120.0,Sleman,6666666.666666667
3400000000,"Condong Catur, Sleman",4,3,421.0,Sleman,8076009.501187649
1250000000,"Ngaglik, Sleman",2,2,125.0,Sleman,10000000.0
500000000,"Ngemplak, Sleman",2,2,80.0,Sleman,6250000.0
500000000,"Kalasan, Sleman",3,2,108.0,Sleman,4629629.62962963
3900000000,"Ngaglik, Sleman",14,14,502.0,Sleman,7768924.302788844
756000000,"Ngaglik, Sleman",3,1,104.0,Sleman,7269230.769230769
4500000000,"Ngaglik, Sleman",5,2,503.0,Sleman,8946322.067594433
2700000000,"Ngaglik, Sleman",3,2,267.0,Sleman,10112359.550561797
6500000000,"Kalasan, Sleman",5,4,778.0,Sleman,8354755.784061696
1780000000,"Depok, Sleman",4,3,118.0,Sleman,15084745.762711864
1250000000,"Mlati, Sleman",3,3,105.0,Sleman,11904761.904761905
575000000,"Kalasan, Sleman",2,1,108.0,Sleman,5324074.074074074
775000000,"Gamping, Sleman",2,2,118.0,Sleman,6567796.610169492
575000000,"Kalasan, Sleman",3,2,101.0,Sleman,5693069.306930693
785000000,"Ngemplak, Sleman",3,2,115.0,Sleman,6826086.956521739
6000000000,"Caturtunggal, Sleman",34,8,1145.0,Sleman,5240174.672489083
750000000,"Sleman, Sleman",3,2,130.0,Sleman,5769230.769230769
4500000000,"Purwomartani   , Sleman",3,2,668.0,Sleman,6736526.946107784
1500000000,"Kalasan, Sleman",2,1,120.0,Sleman,12500000.0
1700000000,"Ngaglik, Sleman",6,5,162.0,Sleman,10493827.160493826
6000000000,"Gamping, Sleman",6,6,688.0,Sleman,8720930.232558139
3100000000,"Mlati, Sleman",7,4,225.0,Sleman,13777777.777777778
2100000000,"Depok, Sleman",3,3,139.0,Sleman,15107913.669064749
4200000000,"Mlati, Sleman",4,4,564.0,Sleman,7446808.510638298
1280000000,"Ngaglik, Sleman",3,3,134.0,Sleman,9552238.80597015
3100000000,"Mlati, Sleman",7,4,225.0,Sleman,13777777.777777778
1780000000,"Gamping, Sleman",3,3,119.0,Sleman,14957983.19327731
598000000,"Berbah, Sleman",2,1,90.0,Sleman,6644444.444444444
4200000000,"Mlati, Sleman",4,4,564.0,Sleman,7446808.510638298
1820000000,"Gamping, Sleman",3,2,140.0,Sleman,13000000.0
2900000000,"Pakem, Sleman",2,3,380.0,Sleman,7631578.947368421
592000000,"Sayegan, Sleman",2,1,91.0,Sleman,6505494.505494505
985000000,"Depok, Sleman",2,2,125.0,Sleman,7880000.0
5000000000,"Pakem, Sleman",8,7,1031.0,Sleman,4849660.523763336
4750000000,"Ngaglik, Sleman",5,5,419.0,Sleman,11336515.513126493
1250000000,"Depok, Sleman",2,1,130.0,Sleman,9615384.615384616
6900000000,"Ngaglik, Sleman",5,3,843.0,Sleman,8185053.380782918
1250000000,"Depok, Sleman",10,4,128.0,Sleman,9765625.0
870000000,"Godean, Sleman",3,2,135.0,Sleman,6444444.444444444
3500000000,"Depok, Sleman",4,3,728.0,Sleman,4807692.307692308
3500000000,"Depok, Sleman",4,3,728.0,Sleman,4807692.307692308
385000000,"Mlati, Sleman",3,2,63.0,Sleman,6111111.111111111
900000000,"Godean, Sleman",3,2,133.0,Sleman,6766917.293233083
1750000000,"Mlati, Sleman",3,2,131.0,Sleman,13358778.625954198
4600000000,"Caturtunggal, Sleman",5,3,443.0,Sleman,10383747.17832957
900000000,"Ngaglik, Sleman",2,2,108.0,Sleman,8333333.333333333
852000000,"Depok, Sleman",4,2,142.0,Sleman,6000000.0
700000000,"Mlati, Sleman",3,2,106.0,Sleman,6603773.584905661
375000000,"Kalasan, Sleman",2,1,72.0,Sleman,5208333.333333333
1470000000,"Depok, Sleman",4,4,178.0,Sleman,8258426.9662921345
1560000000,"Sleman, Sleman",1,1,209.0,Sleman,7464114.832535885
550000000,"Ngemplak, Sleman",3,2,82.0,Sleman,6707317.073170732
475000000,"Cebongan, Sleman",2,1,90.0,Sleman,5277777.777777778
700000000,"Kalasan, Sleman",2,2,100.0,Sleman,7000000.0
580000000,"Kalasan, Sleman",3,2,100.0,Sleman,5800000.0
765000000,"Purwomartani   , Sleman",3,2,118.0,Sleman,6483050.847457627
495000000,"Gamping, Sleman",2,1,107.0,Sleman,4626168.224299066
495000000,"Gamping, Sleman",2,1,107.0,Sleman,4626168.224299066
897000000,"Ngemplak, Sleman",3,2,107.0,Sleman,8383177.570093458
730000000,"Condong Catur, Sleman",3,2,100.0,Sleman,7300000.0
1980000000,"Kalasan, Sleman",3,3,150.0,Sleman,13200000.0
900000000,"Godean, Sleman",2,2,133.0,Sleman,6766917.293233083
2360000000,"Sleman, Sleman",4,3,182.0,Sleman,12967032.967032967
850000000,"Ngaglik, Sleman",2,2,106.0,Sleman,8018867.924528302
600000000,"Kaliurang, Sleman",3,2,123.0,Sleman,4878048.780487805
1700000000,"Mlati, Sleman",4,3,110.0,Sleman,15454545.454545455
1970000000,"Ngaglik, Sleman",4,3,135.0,Sleman,14592592.592592593
1750000000,"Mlati, Sleman",8,4,176.0,Sleman,9943181.818181818
1200000000,"Depok, Sleman",7,3,157.0,Sleman,7643312.101910828
970000000,"Ngaglik, Sleman",4,2,176.0,Sleman,5511363.636363637
8900000000,"Depok, Sleman",5,5,1280.0,Sleman,6953125.0
5900000000,"Depok, Sleman",4,4,1192.0,Sleman,4949664.4295302015
1600000000,"Gamping, Sleman",5,5,131.0,Sleman,12213740.458015267
5000000000,"Depok, Sleman",9,6,438.0,Sleman,11415525.114155252
675000000,"Kalasan, Sleman",3,2,125.0,Sleman,5400000.0
675000000,"Kalasan, Sleman",3,2,125.0,Sleman,5400000.0
795000000,"Gamping, Sleman",3,2,98.0,Sleman,8112244.897959184
580000000,"Kalasan, Sleman",3,2,100.0,Sleman,5800000.0
580000000,"Kalasan, Sleman",3,2,100.0,Sleman,5800000.0
2200000000,"Ngaglik, Sleman",4,2,250.0,Sleman,8800000.0
549000000,"Kalasan, Sleman",2,1,90.0,Sleman,6100000.0
549000000,"Kalasan, Sleman",2,1,90.0,Sleman,6100000.0
585000000,"Kalasan, Sleman",3,2,100.0,Sleman,5850000.0
585000000,"Kalasan, Sleman",3,2,100.0,Sleman,5850000.0
8000000000,"Depok, Sleman",11,6,618.0,Sleman,12944983.818770226
1100000000,"Ngaglik, Sleman",4,2,115.0,Sleman,9565217.391304348
720000000,"Kalasan, Sleman",3,2,87.0,Sleman,8275862.068965517
720000000,"Kalasan, Sleman",3,2,87.0,Sleman,8275862.068965517
2300000000,"Depok, Sleman",4,3,160.0,Sleman,14375000.0
2430000000,"Sleman, Sleman",4,3,192.0,Sleman,12656250.0
2650000000,"Sleman, Sleman",4,3,213.0,Sleman,12441314.55399061
2950000000,"Depok, Sleman",15,15,200.0,Sleman,14750000.0
2100000000,"Gamping, Sleman",3,2,223.0,Sleman,9417040.358744394
2490000000,"Sleman, Sleman",4,3,200.0,Sleman,12450000.0
591000000,"Sleman, Sleman",2,1,84.0,Sleman,7035714.285714285
1350000000,"Gamping, Sleman",5,3,156.0,Sleman,8653846.153846154
571000000,"Sleman, Sleman",2,1,79.0,Sleman,7227848.101265823
1380000000,"Sleman, Sleman",3,2,103.0,Sleman,13398058.252427185
2880000000,"Sleman, Sleman",11,11,207.0,Sleman,13913043.47826087
725000000,"Kalasan, Sleman",4,2,130.0,Sleman,5576923.076923077
1350000000,"Sleman, Sleman",3,2,100.0,Sleman,13500000.0
520000000,"Sayegan, Sleman",2,1,90.0,Sleman,5777777.777777778
2400000000,"Sleman, Sleman",4,3,187.0,Sleman,12834224.598930482
950000000,"Ngaglik, Sleman",3,2,175.0,Sleman,5428571.428571428
1480000000,"Sleman, Sleman",3,2,125.0,Sleman,11840000.0
2430000000,"Gamping, Sleman",4,3,192.0,Sleman,12656250.0
2460000000,"Sleman, Sleman",4,3,196.0,Sleman,12551020.408163264
2360000000,"Sleman, Sleman",4,3,182.0,Sleman,12967032.967032967
2400000000,"Gamping, Sleman",4,3,187.0,Sleman,12834224.598930482
2650000000,"Sleman, Sleman",4,3,213.0,Sleman,12441314.55399061
700000000,"Ngaglik, Sleman",2,2,108.0,Sleman,6481481.481481481
725000000,"Sleman, Sleman",2,1,120.0,Sleman,6041666.666666667
549000000,"Kalasan, Sleman",2,1,90.0,Sleman,6100000.0
850000000,"Gamping, Sleman",3,1,96.0,Sleman,8854166.666666666
3800000000,"Pakem, Sleman",5,3,472.0,Sleman,8050847.457627119
2300000000,"Gamping, Sleman",3,3,204.0,Sleman,11274509.80392157
1500000000,"Depok, Sleman",4,2,218.0,Sleman,6880733.944954128
900000000,"Depok, Sleman",3,2,153.0,Sleman,5882352.94117647
1900000000,"Depok, Sleman",5,4,158.0,Sleman,12025316.455696203
1380000000,"Sleman, Sleman",3,2,107.0,Sleman,12897196.261682242
1600000000,"Gamping, Sleman",4,4,131.0,Sleman,12213740.458015267
1900000000,"Depok, Sleman",5,6,166.0,Sleman,11445783.132530121
3000000000,"Ngaglik, Sleman",3,3,229.0,Sleman,13100436.681222707
1100000000,"Condong Catur, Sleman",3,2,187.0,Sleman,5882352.94117647
1100000000,"Ngemplak, Sleman",2,1,110.0,Sleman,10000000.0
1420000000,"Mlati, Sleman",5,4,144.0,Sleman,9861111.111111112
575000000,"Purwomartani   , Sleman",3,2,100.0,Sleman,5750000.0
730000000,"Purwomartani   , Sleman",3,2,100.0,Sleman,7300000.0
590000000,"Kaliurang, Sleman",2,1,98.0,Sleman,6020408.1632653065
3600000000,"Kaliurang, Sleman",7,2,285.0,Sleman,12631578.94736842
1350000000,"Ngaglik, Sleman",4,3,115.0,Sleman,11739130.43478261
725000000,"Depok, Sleman",3,2,87.0,Sleman,8333333.333333333
1100000000,"Kaliurang, Sleman",3,2,213.0,Sleman,5164319.248826291
725000000,"Depok, Sleman",3,2,96.0,Sleman,7552083.333333333
2500000000,"Ngaglik, Sleman",4,3,215.0,Sleman,11627906.976744186
650000000,"Ngaglik, Sleman",3,2,101.0,Sleman,6435643.564356436
1600000000,"Kaliurang, Sleman",3,3,122.0,Sleman,13114754.098360656
745000000,"Gamping, Sleman",2,2,98.0,Sleman,7602040.816326531
2140000000,"Sleman, Sleman",4,3,196.0,Sleman,10918367.346938776
1600000000,"Depok, Sleman",4,3,169.0,Sleman,9467455.621301776
1900000000,"Condong Catur, Sleman",3,3,128.0,Sleman,14843750.0
756000000,"Mlati, Sleman",3,1,108.0,Sleman,7000000.0
2200000000,"Depok, Sleman",4,2,406.0,Sleman,5418719.21182266
1800000000,"Ngaglik, Sleman",3,3,128.0,Sleman,14062500.0
875000000,"Ngaglik, Sleman",8,2,100.0,Sleman,8750000.0
2040000000,"Gamping, Sleman",4,3,182.0,Sleman,11208791.20879121
1500000000,"Mlati, Sleman",4,3,156.0,Sleman,9615384.615384616
1600000000,"Ngaglik, Sleman",4,2,127.0,Sleman,12598425.196850393
3000000000,"Ngaglik, Sleman",6,5,225.0,Sleman,13333333.333333334
1800000000,"Mlati, Sleman",10,4,123.0,Sleman,14634146.341463415
950000000,"Sleman, Sleman",4,4,90.0,Sleman,10555555.555555556
598000000,"Berbah, Sleman",2,1,90.0,Sleman,6644444.444444444
800000000,"Mlati, Sleman",3,2,140.0,Sleman,5714285.714285715
598000000,"Sleman, Sleman",2,1,90.0,Sleman,6644444.444444444
585000000,"Kalasan, Sleman",3,1,111.0,Sleman,5270270.27027027
1000000000,"Gamping, Sleman",7,3,112.0,Sleman,8928571.42857143
585000000,"Kalasan, Sleman",3,1,111.0,Sleman,5270270.27027027
775000000,"Ngemplak, Sleman",3,2,113.0,Sleman,6858407.079646017
775000000,"Ngemplak, Sleman",3,2,113.0,Sleman,6858407.079646017
2320000000,"Gamping, Sleman",4,3,213.0,Sleman,10892018.779342722
2340000000,"Gamping, Sleman",4,3,184.0,Sleman,12717391.304347826
1100000000,"Depok, Sleman",3,2,187.0,Sleman,5882352.94117647
598000000,"Berbah, Sleman",2,1,90.0,Sleman,6644444.444444444
695000000,"Condong Catur, Sleman",2,2,100.0,Sleman,6950000.0
695000000,"Kaliurang, Sleman",2,2,100.0,Sleman,6950000.0
600000000,"Sleman, Sleman",3,1,100.0,Sleman,6000000.0
2800000000,"Condong Catur, Sleman",5,4,429.0,Sleman,6526806.526806527
790000000,"Ngaglik, Sleman",3,2,113.0,Sleman,6991150.442477876
475000000,"Depok, Sleman",2,1,75.0,Sleman,6333333.333333333
780000000,"Ngaglik, Sleman",3,2,115.0,Sleman,6782608.695652174
800000000,"Ngaglik, Sleman",3,2,107.0,Sleman,7476635.514018691
4700000000,"Ngaglik, Sleman",4,3,334.0,Sleman,14071856.28742515
750000000,"Sleman, Sleman",3,2,130.0,Sleman,5769230.769230769
2000000000,"Ngaglik, Sleman",10,10,205.0,Sleman,9756097.56097561
756000000,"Ngaglik, Sleman",2,1,95.0,Sleman,7957894.736842105
961000000,"Ngaglik, Sleman",3,3,107.0,Sleman,8981308.411214953
875000000,"Ngaglik, Sleman",3,2,107.0,Sleman,8177570.093457944
1780000000,"Mlati, Sleman",3,3,160.0,Sleman,11125000.0
1550000000,"Ngaglik, Sleman",3,2,126.0,Sleman,12301587.301587302
1300000000,"Ngaglik, Sleman",3,2,135.0,Sleman,9629629.629629629
1200000000,"Ngaglik, Sleman",3,2,124.0,Sleman,9677419.35483871
350000000,"Mlati, Sleman",2,2,67.0,Sleman,5223880.597014925
1900000000,"Ngaglik, Sleman",4,3,130.0,Sleman,14615384.615384616
999000000,"Depok, Sleman",3,3,103.0,Sleman,9699029.126213592
4500000000,"Ngaglik, Sleman",5,4,365.0,Sleman,12328767.12328767
550000000,"Godean, Sleman",2,1,108.0,Sleman,5092592.592592592
897000000,"Ngemplak, Sleman",3,2,107.0,Sleman,8383177.570093458
640000000,"Ngaglik, Sleman",2,1,91.0,Sleman,7032967.032967033
1290000000,"Purwomartani   , Sleman",4,2,207.0,Sleman,6231884.057971015
4900000000,"Ngaglik, Sleman",6,4,545.0,Sleman,8990825.688073395
350000000,"Cebongan, Sleman",2,2,67.0,Sleman,5223880.597014925
550000000,"Godean, Sleman",2,1,108.0,Sleman,5092592.592592592
1100000000,"Ngaglik, Sleman",2,2,112.0,Sleman,9821428.57142857
1000000000,"Gamping, Sleman",3,2,128.0,Sleman,7812500.0
515000000,"Kalasan, Sleman",2,1,95.0,Sleman,5421052.631578947
3490000000,"Ngaglik, Sleman",5,4,426.0,Sleman,8192488.262910798
730000000,"Purwomartani   , Sleman",3,2,100.0,Sleman,7300000.0
850000000,"Mlati, Sleman",8,6,139.0,Sleman,6115107.913669065
1750000000,"Ngaglik, Sleman",4,2,128.0,Sleman,13671875.0
1300000000,"Ngemplak, Sleman",4,3,96.0,Sleman,13541666.666666666
775000000,"Ngaglik, Sleman",2,1,136.0,Sleman,5698529.411764706
3000000000,"Caturtunggal, Sleman",11,7,242.0,Sleman,12396694.214876033
4500000000,"Mlati, Sleman",2,3,348.0,Sleman,12931034.48275862
675000000,"Kalasan, Sleman",2,1,128.0,Sleman,5273437.5
1970000000,"Depok, Sleman",5,6,160.0,Sleman,12312500.0
850000000,"Depok, Sleman",3,3,98.0,Sleman,8673469.387755102
350000000,"Mlati, Sleman",3,2,54.0,Sleman,6481481.481481481
1300000000,"Kalasan, Sleman",5,3,125.0,Sleman,10400000.0
1250000000,"Ngaglik, Sleman",3,2,105.0,Sleman,11904761.904761905
665000000,"Mlati, Sleman",3,2,114.0,Sleman,5833333.333333333
1200000000,"Kalasan, Sleman",3,3,80.0,Sleman,15000000.0
2100000000,"Gamping, Sleman",4,3,154.0,Sleman,13636363.636363637
3000000000,"Kalasan, Sleman",5,3,466.0,Sleman,6437768.240343347
615000000,"Kalasan, Sleman",4,2,102.0,Sleman,6029411.764705882
575000000,"Kalasan, Sleman",3,2,104.0,Sleman,5528846.153846154
2000000000,"Ngaglik, Sleman",11,9,221.0,Sleman,9049773.755656108
1650000000,"Ngaglik, Sleman",1,2,351.0,Sleman,4700854.700854701
1650000000,"Depok, Sleman",4,3,125.0,Sleman,13200000.0
1400000000,"Depok, Sleman",3,2,133.0,Sleman,10526315.789473685
1300000000,"Depok, Sleman",3,2,174.0,Sleman,7471264.3678160915
1650000000,"Gamping, Sleman",2,2,135.0,Sleman,12222222.222222222
1990000000,"Depok, Sleman",3,2,194.0,Sleman,10257731.958762886
1300000000,"Depok, Sleman",3,2,131.0,Sleman,9923664.122137405
2170000000,"Gamping, Sleman",4,3,200.0,Sleman,10850000.0
1470000000,"Condong Catur, Sleman",4,3,146.0,Sleman,10068493.150684932
685000000,"Ngemplak, Sleman",3,2,120.0,Sleman,5708333.333333333
825000000,"Kalasan, Sleman",3,2,125.0,Sleman,6600000.0
1100000000,"Kaliurang, Sleman",3,2,213.0,Sleman,5164319.248826291
1700000000,"Depok, Sleman",4,5,111.0,Sleman,15315315.315315315
640000000,"Sleman, Sleman",2,1,95.0,Sleman,6736842.105263158
2049999999,"Depok, Sleman",4,4,160.0,Sleman,12812499.99375
1800000000,"Depok, Sleman",20,20,217.0,Sleman,8294930.875576037
925000000,"Mlati, Sleman",2,1,101.0,Sleman,9158415.841584159
10500000000,"Condong Catur, Sleman",26,28,1000.0,Sleman,10500000.0
575000000,"Godean, Sleman",3,3,80.0,Sleman,7187500.0
975000000,"Mlati, Sleman",3,2,128.0,Sleman,7617187.5
975000000,"Ngaglik, Sleman",3,2,121.0,Sleman,8057851.239669422
765000000,"Purwomartani   , Sleman",3,2,118.0,Sleman,6483050.847457627
4500000000,"Ngaglik, Sleman",3,3,584.0,Sleman,7705479.452054795
675000000,"Ngaglik, Sleman",2,1,121.0,Sleman,5578512.396694215
4500000000,"Ngaglik, Sleman",6,4,334.0,Sleman,13473053.892215569
999000000,"Ngaglik, Sleman",3,4,103.0,Sleman,9699029.126213592
730000000,"Purwomartani   , Sleman",3,2,100.0,Sleman,7300000.0
1300000000,"Ngaglik, Sleman",3,2,134.0,Sleman,9701492.537313433
1250000000,"Depok, Sleman",3,2,200.0,Sleman,6250000.0
1500000000,"Kalasan, Sleman",5,3,158.0,Sleman,9493670.88607595
1100000000,"Depok, Sleman",3,2,160.0,Sleman,6875000.0
592000000,"Ngaglik, Sleman",2,1,104.0,Sleman,5692307.692307692
725000000,"Mlati, Sleman",3,2,114.0,Sleman,6359649.1228070175
3300000000,"Ngaglik, Sleman",5,5,254.0,Sleman,12992125.984251969
520000000,"Sayegan, Sleman",2,1,90.0,Sleman,5777777.777777778
1950000000,"Condong Catur, Sleman",7,5,249.0,Sleman,7831325.301204819
1950000000,"Ngaglik, Sleman",11,11,150.0,Sleman,13000000.0
450000000,"Godean, Sleman",2,1,82.0,Sleman,5487804.87804878
5700000000,"Condong Catur, Sleman",7,8,482.0,Sleman,11825726.14107884
950000000,"Condong Catur, Sleman",3,2,120.0,Sleman,7916666.666666667
850000000,"Berbah, Sleman",2,1,125.0,Sleman,6800000.0
910000000,"Sleman, Sleman",4,2,106.0,Sleman,8584905.660377359
2500000000,"Ngaglik, Sleman",3,3,170.0,Sleman,14705882.352941176
2750000000,"Depok, Sleman",5,5,226.0,Sleman,12168141.592920354
2200000000,"Ngaglik, Sleman",5,4,150.0,Sleman,14666666.666666666
3000000000,"Ngaglik, Sleman",4,3,216.0,Sleman,13888888.888888888
2360000000,"Gamping, Sleman",4,3,182.0,Sleman,12967032.967032967
475000000,"Berbah, Sleman",3,1,85.0,Sleman,5588235.294117647
375000000,"Kalasan, Sleman",2,1,72.0,Sleman,5208333.333333333
949000000,"Berbah, Sleman",4,4,90.0,Sleman,10544444.444444444
2000000000,"Depok, Sleman",6,4,363.0,Sleman,5509641.873278237
2000000000,"Gamping, Sleman",3,2,210.0,Sleman,9523809.523809524
2000000000,"Depok, Sleman",4,3,134.0,Sleman,14925373.134328358
2000000000,"Depok, Sleman",4,3,158.0,Sleman,12658227.848101266
1700000000,"Gamping, Sleman",3,1,223.0,Sleman,7623318.385650224
1750000000,"Ngaglik, Sleman",4,3,163.0,Sleman,10736196.319018405
1700000000,"Gamping, Sleman",4,3,110.0,Sleman,15454545.454545455
1600000000,"Depok, Sleman",3,2,104.0,Sleman,15384615.384615384
1800000000,"Depok, Sleman",3,2,164.0,Sleman,10975609.75609756
999000000,"Depok, Sleman",3,3,103.0,Sleman,9699029.126213592
1600000000,"Condong Catur, Sleman",3,3,146.0,Sleman,10958904.10958904
750000000,"Sidoarum         , Sleman",3,2,102.0,Sleman,7352941.176470588
999000000,"Ngemplak, Sleman",3,3,103.0,Sleman,9699029.126213592
6850000000,"Caturtunggal, Sleman",16,16,866.0,Sleman,7909930.715935335
950000000,"Gamping, Sleman",3,2,115.0,Sleman,8260869.565217392
1500000000,"Gamping, Sleman",3,2,112.0,Sleman,13392857.142857144
1950000000,"Depok, Sleman",3,3,188.0,Sleman,10372340.425531914
890000000,"Sleman, Sleman",3,2,107.0,Sleman,8317757.009345794
1950000000,"Depok, Sleman",3,2,128.0,Sleman,15234375.0
3100000000,"Ngaglik, Sleman",13,13,223.0,Sleman,13901345.29147982
785000000,"Gamping, Sleman",2,2,96.0,Sleman,8177083.333333333
1100000000,"Depok, Sleman",3,2,160.0,Sleman,6875000.0
1400000000,"Depok, Sleman",3,2,174.0,Sleman,8045977.011494253
725000000,"Purwomartani   , Sleman",3,2,87.0,Sleman,8333333.333333333
961000000,"Ngaglik, Sleman",3,3,107.0,Sleman,8981308.411214953
750000000,"Ngaglik, Sleman",2,1,111.0,Sleman,6756756.756756756
4500000000,"Mlati, Sleman",4,2,410.0,Sleman,10975609.75609756
560000000,"Kalasan, Sleman",2,2,104.0,Sleman,5384615.384615385
665000000,"Kalasan, Sleman",3,2,125.0,Sleman,5320000.0
1400000000,"Depok, Sleman",3,2,205.0,Sleman,6829268.292682927
1500000000,"Ngemplak, Sleman",3,3,150.0,Sleman,10000000.0
750000000,"Sleman, Sleman",3,2,130.0,Sleman,5769230.769230769
1690000000,"Ngaglik, Sleman",3,3,150.0,Sleman,11266666.666666666
750000000,"Depok, Sleman",3,1,103.0,Sleman,7281553.398058252
475000000,"Ngaglik, Sleman",2,1,104.0,Sleman,4567307.692307692
5500000000,"Kalasan, Sleman",10,11,586.0,Sleman,9385665.529010238
2500000000,"Ngemplak, Sleman",4,4,339.0,Sleman,7374631.268436578
2400000000,"Sleman, Sleman",4,3,187.0,Sleman,12834224.598930482
2360000000,"Sleman, Sleman",4,3,182.0,Sleman,12967032.967032967
910000000,"Sleman, Sleman",4,2,106.0,Sleman,8584905.660377359
2480000000,"Sleman, Sleman",4,3,196.0,Sleman,12653061.224489795
2540000000,"Sleman, Sleman",4,3,200.0,Sleman,12700000.0
2400000000,"Sleman, Sleman",4,3,187.0,Sleman,12834224.598930482
2460000000,"Sleman, Sleman",4,3,196.0,Sleman,12551020.408163264
2430000000,"Sleman, Sleman",4,3,192.0,Sleman,12656250.0
2400000000,"Ngaglik, Sleman",3,2,238.0,Sleman,10084033.613445379
1300000000,"Depok, Sleman",4,3,144.0,Sleman,9027777.777777778
850000000,"Sleman, Sleman",2,1,105.0,Sleman,8095238.095238095
1450000000,"Godean, Sleman",3,3,100.0,Sleman,14500000.0
750000000,"Ngaglik, Sleman",3,2,125.0,Sleman,6000000.0
593000000,"Ngaglik, Sleman",2,1,76.0,Sleman,7802631.578947368
1870000000,"Berbah, Sleman",3,2,150.0,Sleman,12466666.666666666
875000000,"Kaliurang, Sleman",3,1,99.0,Sleman,8838383.838383839
2600000000,"Godean, Sleman",3,2,200.0,Sleman,13000000.0
3200000000,"Ngaglik, Sleman",3,2,252.0,Sleman,12698412.698412698
1480000000,"Sleman, Sleman",3,2,125.0,Sleman,11840000.0
730000000,"Purwomartani   , Sleman",3,2,100.0,Sleman,7300000.0
2250000000,"Ngaglik, Sleman",10,10,230.0,Sleman,9782608.695652174
750000000,"Depok, Sleman",3,1,61.0,Sleman,12295081.967213115
1800000000,"Ngemplak, Sleman",4,2,168.0,Sleman,10714285.714285715
850000000,"Ngaglik, Sleman",3,2,107.0,Sleman,7943925.23364486
375000000,"Kalasan, Sleman",2,1,72.0,Sleman,5208333.333333333
375000000,"Kalasan, Sleman",2,1,72.0,Sleman,5208333.333333333
1380000000,"Sleman, Sleman",3,2,107.0,Sleman,12897196.261682242
1650000000,"Depok, Sleman",3,3,130.0,Sleman,12692307.692307692
520000000,"Mlati, Sleman",2,1,90.0,Sleman,5777777.777777778
1450000000,"Depok, Sleman",3,3,110.0,Sleman,13181818.181818182
592000000,"Mlati, Sleman",2,1,104.0,Sleman,5692307.692307692
2360000000,"Sleman, Sleman",4,3,182.0,Sleman,12967032.967032967
775000000,"Purwomartani   , Sleman",3,2,145.0,Sleman,5344827.586206896
520000000,"Sayegan, Sleman",2,1,90.0,Sleman,5777777.777777778
685000000,"Ngemplak, Sleman",3,2,120.0,Sleman,5708333.333333333
1850000000,"Ngemplak, Sleman",2,2,405.0,Sleman,4567901.234567901
775000000,"Kalasan, Sleman",3,2,145.0,Sleman,5344827.586206896
775000000,"Kalasan, Sleman",3,2,145.0,Sleman,5344827.586206896
775000000,"Kalasan, Sleman",3,2,145.0,Sleman,5344827.586206896
775000000,"Kalasan, Sleman",3,2,145.0,Sleman,5344827.586206896
999000000,"Ngaglik, Sleman",3,3,103.0,Sleman,9699029.126213592
750000000,"Purwomartani   , Sleman",3,2,114.0,Sleman,6578947.368421053
725000000,"Purwomartani   , Sleman",3,2,87.0,Sleman,8333333.333333333
9600000000,"Caturtunggal, Sleman",14,14,662.0,Sleman,14501510.574018126
2430000000,"Sleman, Sleman",4,3,196.0,Sleman,12397959.18367347
2450000000,"Sleman, Sleman",4,3,187.0,Sleman,13101604.278074866
1450000000,"Ngaglik, Sleman",3,3,105.0,Sleman,13809523.80952381
1250000000,"Ngaglik, Sleman",3,2,161.0,Sleman,7763975.155279503
699000000,"Ngemplak, Sleman",3,2,120.0,Sleman,5825000.0
699000000,"Ngemplak, Sleman",3,2,120.0,Sleman,5825000.0
699000000,"Ngemplak, Sleman",3,2,120.0,Sleman,5825000.0
585000000,"Kalasan, Sleman",3,1,111.0,Sleman,5270270.27027027
2250000000,"Gamping, Sleman",4,3,183.0,Sleman,12295081.967213115
375000000,"Kalasan, Sleman",2,1,72.0,Sleman,5208333.333333333
705000000,"Ngemplak, Sleman",3,2,120.0,Sleman,5875000.0
4300000000,"Ngaglik, Sleman",4,3,280.0,Sleman,15357142.857142856
775000000,"Purwomartani   , Sleman",3,2,145.0,Sleman,5344827.586206896
1350000000,"Ngaglik, Sleman",3,3,106.0,Sleman,12735849.056603774
689000000,"Ngemplak, Sleman",3,2,120.0,Sleman,5741666.666666667
1500000000,"Gamping, Sleman",3,3,125.0,Sleman,12000000.0
450000000,"Gamping, Sleman",2,1,83.0,Sleman,5421686.746987952
575000000,"Sleman, Sleman",3,1,100.0,Sleman,5750000.0
2660000000,"Mlati, Sleman",13,3,532.0,Sleman,5000000.0
757000000,"Ngemplak, Sleman",2,1,95.0,Sleman,7968421.052631579
897000000,"Depok, Sleman",3,2,107.0,Sleman,8383177.570093458
1800000000,"Purwomartani   , Sleman",3,2,120.0,Sleman,15000000.0
875000000,"Godean, Sleman",3,2,133.0,Sleman,6578947.368421053
595000000,"Mlati, Sleman",2,1,91.0,Sleman,6538461.538461538
6900000000,"Ngaglik, Sleman",4,3,843.0,Sleman,8185053.380782918
1500000000,"Gamping, Sleman",5,4,144.0,Sleman,10416666.666666666
630000000,"Godean, Sleman",3,2,104.0,Sleman,6057692.307692308
1450000000,"Ngaglik, Sleman",3,3,105.0,Sleman,13809523.80952381
450000000,"Godean, Sleman",2,1,82.0,Sleman,5487804.87804878
430000000,"Prambanan, Sleman",2,1,68.0,Sleman,6323529.411764706
585000000,"Kalasan, Sleman",3,1,111.0,Sleman,5270270.27027027
665000000,"Kalasan, Sleman",3,2,120.0,Sleman,5541666.666666667
900000000,"Ngaglik, Sleman",3,2,128.0,Sleman,7031250.0
1780000000,"Depok, Sleman",4,3,118.0,Sleman,15084745.762711864
500000000,"Kalasan, Sleman",3,2,104.0,Sleman,4807692.307692308
580000000,"Ngaglik, Sleman",2,1,98.0,Sleman,5918367.346938776
1080000000,"Ngaglik, Sleman",3,3,85.0,Sleman,12705882.352941176
890000000,"Ngemplak, Sleman",5,2,142.0,Sleman,6267605.633802817
890000000,"Ngemplak, Sleman",5,2,142.0,Sleman,6267605.633802817
760000000,"Ngemplak, Sleman",4,2,132.0,Sleman,5757575.757575758
760000000,"Ngemplak, Sleman",4,2,132.0,Sleman,5757575.757575758
699000000,"Ngemplak, Sleman",3,2,120.0,Sleman,5825000.0
699000000,"Ngemplak, Sleman",3,2,120.0,Sleman,5825000.0
945000000,"Ngaglik, Sleman",3,2,145.0,Sleman,6517241.379310345
945000000,"Ngaglik, Sleman",3,2,145.0,Sleman,6517241.379310345
675000000,"Kalasan, Sleman",3,2,125.0,Sleman,5400000.0
675000000,"Kalasan, Sleman",3,2,125.0,Sleman,5400000.0
550000000,"Kaliurang, Sleman",4,2,116.0,Sleman,4741379.310344827
2500000000,"Ngaglik, Sleman",4,3,169.0,Sleman,14792899.408284023
875000000,"Ngemplak, Sleman",4,2,139.0,Sleman,6294964.028776978
1250000000,"Sleman, Sleman",3,2,90.0,Sleman,13888888.888888888
850000000,"Ngaglik, Sleman",3,1,99.0,Sleman,8585858.585858585
1290000000,"Mlati, Sleman",3,2,100.0,Sleman,12900000.0
750000000,"Purwomartani   , Sleman",4,2,114.0,Sleman,6578947.368421053
575000000,"Purwomartani   , Sleman",3,2,100.0,Sleman,5750000.0
799000000,"Ngemplak, Sleman",4,2,110.0,Sleman,7263636.363636363
590000000,"Purwomartani   , Sleman",3,2,88.0,Sleman,6704545.454545454
495000000,"Ngemplak, Sleman",2,1,72.0,Sleman,6875000.0
550000000,"Tempel, Sleman",2,1,104.0,Sleman,5288461.538461538
810000000,"Godean, Sleman",3,2,106.0,Sleman,7641509.433962264
1650000000,"Ngaglik, Sleman",3,3,230.0,Sleman,7173913.043478261
700000000,"Kalasan, Sleman",3,1,108.0,Sleman,6481481.481481481
2430000000,"Sleman, Sleman",4,3,192.0,Sleman,12656250.0
2400000000,"Sleman, Sleman",4,3,187.0,Sleman,12834224.598930482
2490000000,"Sleman, Sleman",4,3,200.0,Sleman,12450000.0
2400000000,"Sleman, Sleman",4,3,182.0,Sleman,13186813.186813187
2650000000,"Sleman, Sleman",4,3,213.0,Sleman,12441314.55399061
1200000000,"Purwomartani   , Sleman",3,3,90.0,Sleman,13333333.333333334
795000000,"Gamping, Sleman",3,2,141.0,Sleman,5638297.872340426
685000000,"Sleman, Sleman",3,2,100.0,Sleman,6850000.0
885000000,"Ngemplak, Sleman",4,2,142.0,Sleman,6232394.366197183
885000000,"Ngemplak, Sleman",4,2,142.0,Sleman,6232394.366197183
549000000,"Ngaglik, Sleman",2,1,90.0,Sleman,6100000.0
585000000,"Gamping, Sleman",2,1,80.0,Sleman,7312500.0
1500000000,"Depok, Sleman",5,3,115.0,Sleman,13043478.260869564
2970000000,"Ngaglik, Sleman",12,12,210.0,Sleman,14142857.142857144
598000000,"Berbah, Sleman",2,1,90.0,Sleman,6644444.444444444
1950000000,"Depok, Sleman",3,3,128.0,Sleman,15234375.0
850000000,"Depok, Sleman",3,2,100.0,Sleman,8500000.0
556000000,"Berbah, Sleman",2,1,84.0,Sleman,6619047.619047619
1390000000,"Ngaglik, Sleman",3,2,103.0,Sleman,13495145.631067961
1350000000,"Sleman, Sleman",3,2,103.0,Sleman,13106796.116504854
1350000000,"Sleman, Sleman",3,2,103.0,Sleman,13106796.116504854
1350000000,"Sleman, Sleman",3,2,103.0,Sleman,13106796.116504854
2230000000,"Sleman, Sleman",4,3,186.0,Sleman,11989247.311827958
2190000000,"Sleman, Sleman",4,3,182.0,Sleman,12032967.032967033
2290000000,"Sleman, Sleman",4,3,196.0,Sleman,11683673.469387755
2260000000,"Sleman, Sleman",4,3,192.0,Sleman,11770833.333333334
2320000000,"Sleman, Sleman",4,3,200.0,Sleman,11600000.0
1650000000,"Ngaglik, Sleman",3,3,230.0,Sleman,7173913.043478261
1650000000,"Ngaglik, Sleman",3,3,230.0,Sleman,7173913.043478261
750000000,"Gamping, Sleman",1,2,118.0,Sleman,6355932.203389831
1820000000,"Gamping, Sleman",3,2,140.0,Sleman,13000000.0
1480000000,"Berbah, Sleman",3,2,125.0,Sleman,11840000.0
2250000000,"Gamping, Sleman",4,3,183.0,Sleman,12295081.967213115
3700000000,"Caturtunggal, Sleman",12,3,305.0,Sleman,12131147.540983606
3700000000,"Caturtunggal, Sleman",12,3,305.0,Sleman,12131147.540983606
411000000,"Prambanan, Sleman",2,1,85.0,Sleman,4835294.117647059
592000000,"Mlati, Sleman",2,1,104.0,Sleman,5692307.692307692
1940000000,"Mlati, Sleman",3,3,138.0,Sleman,14057971.014492754
3550000000,"Mlati, Sleman",5,5,334.0,Sleman,10628742.51497006
1100000000,"Ngaglik, Sleman",2,2,112.0,Sleman,9821428.57142857
395000000,"Prambanan, Sleman",2,1,75.0,Sleman,5266666.666666667
2500000000,"Ngaglik, Sleman",3,2,450.0,Sleman,5555555.555555556
395000000,"Prambanan, Sleman",2,1,75.0,Sleman,5266666.666666667
600000000,"Kalasan, Sleman",2,2,120.0,Sleman,5000000.0
600000000,"Kalasan, Sleman",2,2,120.0,Sleman,5000000.0
700000000,"Purwomartani   , Sleman",3,1,108.0,Sleman,6481481.481481481
700000000,"Kalasan, Sleman",3,1,108.0,Sleman,6481481.481481481
550000000,"Kalasan, Sleman",2,1,102.0,Sleman,5392156.862745098
2990000000,"Ngaglik, Sleman",4,4,200.0,Sleman,14950000.0
3500000000,"Depok, Sleman",5,4,430.0,Sleman,8139534.883720931
3500000000,"Depok, Sleman",5,4,430.0,Sleman,8139534.883720931
4700000000,"Ngaglik, Sleman",4,3,334.0,Sleman,14071856.28742515
3500000000,"Ngaglik, Sleman",5,3,430.0,Sleman,8139534.883720931
765000000,"Kalasan, Sleman",3,2,118.0,Sleman,6483050.847457627
1470000000,"Depok, Sleman",4,3,178.0,Sleman,8258426.9662921345
730000000,"Kalasan, Sleman",3,2,100.0,Sleman,7300000.0
1490000000,"Depok, Sleman",4,3,126.0,Sleman,11825396.825396825
498000000,"Godean, Sleman",3,2,90.0,Sleman,5533333.333333333
775000000,"Depok, Sleman",3,2,145.0,Sleman,5344827.586206896
1750000000,"Ngaglik, Sleman",3,2,162.0,Sleman,10802469.135802468
1470000000,"Depok, Sleman",4,4,178.0,Sleman,8258426.9662921345
835000000,"Depok, Sleman",3,1,93.0,Sleman,8978494.623655913
3090000000,"Gamping, Sleman",4,3,279.0,Sleman,11075268.8172043
850000000,"Ngaglik, Sleman",3,1,99.0,Sleman,8585858.585858585
700000000,"Purwomartani   , Sleman",3,1,108.0,Sleman,6481481.481481481
3900000000,"Mlati, Sleman",11,11,321.0,Sleman,12149532.710280374
990000000,"Gamping, Sleman",3,2,120.0,Sleman,8250000.0
897000000,"Ngaglik, Sleman",3,2,107.0,Sleman,8383177.570093458
700000000,"Kalasan, Sleman",3,1,108.0,Sleman,6481481.481481481
700000000,"Kalasan, Sleman",3,1,108.0,Sleman,6481481.481481481
550000000,"Ngaglik, Sleman",2,1,100.0,Sleman,5500000.0
835000000,"Condong Catur, Sleman",3,1,95.0,Sleman,8789473.684210526
689000000,"Ngemplak, Sleman",3,2,120.0,Sleman,5741666.666666667
1170000000,"Ngaglik, Sleman",3,2,115.0,Sleman,10173913.043478262
765000000,"Purwomartani   , Sleman",3,2,145.0,Sleman,5275862.068965517
730000000,"Purwomartani   , Sleman",3,2,100.0,Sleman,7300000.0
1380000000,"Kalasan, Sleman",3,2,107.0,Sleman,12897196.261682242
875000000,"Ngaglik, Sleman",3,2,107.0,Sleman,8177570.093457944
585000000,"Sleman, Sleman",3,2,81.0,Sleman,7222222.222222222
825000000,"Ngemplak, Sleman",3,2,120.0,Sleman,6875000.0
1600000000,"Ngaglik, Sleman",3,3,122.0,Sleman,13114754.098360656
760000000,"Ngemplak, Sleman",3,2,107.0,Sleman,7102803.738317757
685000000,"Ngaglik, Sleman",3,2,98.0,Sleman,6989795.918367347
475000000,"Godean, Sleman",2,1,90.0,Sleman,5277777.777777778
3900000000,"Caturtunggal, Sleman",11,11,321.0,Sleman,12149532.710280374
910000000,"Sleman, Sleman",4,2,106.0,Sleman,8584905.660377359
2400000000,"Ngaglik, Sleman",3,2,238.0,Sleman,10084033.613445379
1300000000,"Depok, Sleman",4,3,144.0,Sleman,9027777.777777778
850000000,"Sleman, Sleman",2,1,105.0,Sleman,8095238.095238095
555000000,"Sleman, Sleman",3,2,105.0,Sleman,5285714.285714285
680000000,"Kalasan, Sleman",3,1,97.0,Sleman,7010309.278350515
765000000,"Kalasan, Sleman",3,2,118.0,Sleman,6483050.847457627
756000000,"Ngaglik, Sleman",3,2,104.0,Sleman,7269230.769230769
519000000,"Sayegan, Sleman",2,1,90.0,Sleman,5766666.666666667
945000000,"Ngaglik, Sleman",3,2,137.0,Sleman,6897810.218978102
2280000000,"Gamping, Sleman",4,3,182.0,Sleman,12527472.527472528
495000000,"Berbah, Sleman",2,1,45.0,Sleman,11000000.0
2880000000,"Sleman, Sleman",11,11,208.0,Sleman,13846153.846153846
2880000000,"Sleman, Sleman",11,11,208.0,Sleman,13846153.846153846
3100000000,"Ngaglik, Sleman",7,7,335.0,Sleman,9253731.343283582
775000000,"Ngaglik, Sleman",3,2,136.0,Sleman,5698529.411764706
450000000,"Godean, Sleman",2,1,82.0,Sleman,5487804.87804878
825000000,"Ngemplak, Sleman",3,2,163.0,Sleman,5061349.693251533
1450000000,"Depok, Sleman",3,3,110.0,Sleman,13181818.181818182
885000000,"Ngaglik, Sleman",4,2,142.0,Sleman,6232394.366197183
775000000,"Gamping, Sleman",2,2,118.0,Sleman,6567796.610169492
1650000000,"Ngemplak, Sleman",3,3,130.0,Sleman,12692307.692307692
4200000000,"Mlati, Sleman",3,4,564.0,Sleman,7446808.510638298
700000000,"Kalasan, Sleman",3,1,108.0,Sleman,6481481.481481481
897000000,"Depok, Sleman",3,2,107.0,Sleman,8383177.570093458
765000000,"Purwomartani   , Sleman",3,1,118.0,Sleman,6483050.847457627
470000000,"Berbah, Sleman",2,1,90.0,Sleman,5222222.222222222
1000000000,"Depok, Sleman",3,4,135.0,Sleman,7407407.407407408
1100000000,"Ngemplak, Sleman",2,1,165.0,Sleman,6666666.666666667
875000000,"Depok, Sleman",5,3,91.0,Sleman,9615384.615384616
875000000,"Purwomartani   , Sleman",3,2,85.0,Sleman,10294117.647058824
680000000,"Ngaglik, Sleman",2,2,91.0,Sleman,7472527.472527472
845000000,"Ngemplak, Sleman",3,2,164.0,Sleman,5152439.024390244
1170000000,"Ngaglik, Sleman",3,2,115.0,Sleman,10173913.043478262
670000000,"Depok, Sleman",3,2,136.0,Sleman,4926470.588235294
550000000,"Kalasan, Sleman",3,1,60.0,Sleman,9166666.666666666
1250000000,"Kaliurang, Sleman",3,2,180.0,Sleman,6944444.444444444
559000000,"Berbah, Sleman",2,1,84.0,Sleman,6654761.904761905
999000000,"Depok, Sleman",3,3,103.0,Sleman,9699029.126213592
640000000,"Ngaglik, Sleman",2,1,91.0,Sleman,7032967.032967033
849000000,"Mlati, Sleman",3,2,111.0,Sleman,7648648.6486486485
545000000,"Ngaglik, Sleman",2,1,85.0,Sleman,6411764.705882353
545000000,"Ngaglik, Sleman",2,1,85.0,Sleman,6411764.705882353
698000000,"Kalasan, Sleman",2,1,106.0,Sleman,6584905.660377358
698000000,"Kalasan, Sleman",2,1,106.0,Sleman,6584905.660377358
650000000,"Godean, Sleman",3,1,100.0,Sleman,6500000.0
720000000,"Kalasan, Sleman",3,2,87.0,Sleman,8275862.068965517
720000000,"Kalasan, Sleman",3,2,87.0,Sleman,8275862.068965517
850000000,"Berbah, Sleman",2,1,125.0,Sleman,6800000.0
775000000,"Kalasan, Sleman",3,2,145.0,Sleman,5344827.586206896
775000000,"Kalasan, Sleman",3,2,145.0,Sleman,5344827.586206896
1420000000,"Godean, Sleman",5,4,144.0,Sleman,9861111.111111112
1500000000,"Kalasan, Sleman",5,3,158.0,Sleman,9493670.88607595
2530000000,"Kalasan, Sleman",5,4,178.0,Sleman,14213483.146067416
575000000,"Kalasan, Sleman",2,2,100.0,Sleman,5750000.0
756000000,"Ngemplak, Sleman",3,2,110.0,Sleman,6872727.2727272725
730000000,"Kalasan, Sleman",3,2,100.0,Sleman,7300000.0
765000000,"Depok, Sleman",3,2,103.0,Sleman,7427184.466019417
650000000,"Depok, Sleman",3,2,75.0,Sleman,8666666.666666666
961000000,"Ngaglik, Sleman",3,3,107.0,Sleman,8981308.411214953
756000000,"Mlati, Sleman",3,1,95.0,Sleman,7957894.736842105
775000000,"Ngemplak, Sleman",3,2,113.0,Sleman,6858407.079646017
689000000,"Ngemplak, Sleman",3,2,120.0,Sleman,5741666.666666667
880000000,"Condong Catur, Sleman",3,2,104.0,Sleman,8461538.461538462
1350000000,"Ngaglik, Sleman",3,3,100.0,Sleman,13500000.0
1150000000,"Ngaglik, Sleman",3,2,130.0,Sleman,8846153.846153846
14000000000,"Ngaglik, Sleman",7,6,970.0,Sleman,14432989.69072165
2530000000,"Mlati, Sleman",5,4,178.0,Sleman,14213483.146067416
1950000000,"Depok, Sleman",3,3,128.0,Sleman,15234375.0
775000000,"Kalasan, Sleman",3,2,145.0,Sleman,5344827.586206896
799000000,"Mlati, Sleman",3,2,111.0,Sleman,7198198.198198198
1950000000,"Depok, Sleman",3,3,128.0,Sleman,15234375.0
1790000000,"Depok, Sleman",4,3,119.0,Sleman,15042016.80672269
1950000000,"Depok, Sleman",3,3,128.0,Sleman,15234375.0
1500000000,"Ngemplak, Sleman",5,4,121.0,Sleman,12396694.214876033
1500000000,"Gamping, Sleman",3,2,112.0,Sleman,13392857.142857144
765000000,"Depok, Sleman",3,2,120.0,Sleman,6375000.0
850000000,"Gamping, Sleman",3,2,98.0,Sleman,8673469.387755102
1500000000,"Ngemplak, Sleman",5,4,121.0,Sleman,12396694.214876033
1500000000,"Gamping, Sleman",3,2,112.0,Sleman,13392857.142857144
1400000000,"Depok, Sleman",3,2,174.0,Sleman,8045977.011494253
1350000000,"Sleman, Sleman",3,1,103.0,Sleman,13106796.116504854
1350000000,"Sleman, Sleman",3,2,103.0,Sleman,13106796.116504854
594000000,"Sleman, Sleman",2,1,79.0,Sleman,7518987.341772152
910000000,"Sleman, Sleman",4,2,106.0,Sleman,8584905.660377359
1500000000,"Gamping, Sleman",3,2,135.0,Sleman,11111111.111111112
1300000000,"Gamping, Sleman",2,1,135.0,Sleman,9629629.629629629
1350000000,"Depok, Sleman",5,3,99.0,Sleman,13636363.636363637
1500000000,"Mlati, Sleman",5,4,132.0,Sleman,11363636.363636363
1300000000,"Ngaglik, Sleman",5,3,122.0,Sleman,10655737.704918033
1250000000,"Ngaglik, Sleman",3,2,133.0,Sleman,9398496.240601504
1300000000,"Depok, Sleman",5,2,170.0,Sleman,7647058.823529412
1400000000,"Depok, Sleman",3,2,113.0,Sleman,12389380.530973451
1100000000,"Gamping, Sleman",2,1,150.0,Sleman,7333333.333333333
1290000000,"Ngaglik, Sleman",4,3,109.0,Sleman,11834862.385321101
1300000000,"Ngemplak, Sleman",3,2,140.0,Sleman,9285714.285714285
675000000,"Kalasan, Sleman",3,2,125.0,Sleman,5400000.0
675000000,"Kalasan, Sleman",3,2,125.0,Sleman,5400000.0
1950000000,"Condong Catur, Sleman",3,3,128.0,Sleman,15234375.0
675000000,"Kalasan, Sleman",3,2,125.0,Sleman,5400000.0
520000000,"Sleman, Sleman",2,1,90.0,Sleman,5777777.777777778
675000000,"Kalasan, Sleman",3,2,125.0,Sleman,5400000.0
1970000000,"Depok, Sleman",5,6,166.0,Sleman,11867469.879518073
1970000000,"Depok, Sleman",5,6,166.0,Sleman,11867469.879518073
1970000000,"Depok, Sleman",5,6,166.0,Sleman,11867469.879518073
1970000000,"Depok, Sleman",5,6,166.0,Sleman,11867469.879518073
450000000,"Sayegan, Sleman",2,1,83.0,Sleman,5421686.746987952
674000000,"Sleman, Sleman",3,2,125.0,Sleman,5392000.0
1450000000,"Depok, Sleman",3,3,110.0,Sleman,13181818.181818182
450000000,"Godean, Sleman",2,1,83.0,Sleman,5421686.746987952
825000000,"Ngemplak, Sleman",3,2,163.0,Sleman,5061349.693251533
2200000000,"Sleman, Sleman",10,10,230.0,Sleman,9565217.391304348
725000000,"Ngaglik, Sleman",2,1,114.0,Sleman,6359649.1228070175
1450000000,"Godean, Sleman",3,3,100.0,Sleman,14500000.0
698000000,"Ngemplak, Sleman",3,2,120.0,Sleman,5816666.666666667
2240000000,"Ngaglik, Sleman",10,10,230.0,Sleman,9739130.43478261
1850000000,"Condong Catur, Sleman",5,3,122.0,Sleman,15163934.426229509
950000000,"Purwomartani   , Sleman",3,2,141.0,Sleman,6737588.652482269
667000000,"Kalasan, Sleman",2,1,100.0,Sleman,6670000.0
1770000000,"Ngaglik, Sleman",3,3,157.0,Sleman,11273885.350318471
775000000,"Ngemplak, Sleman",3,2,113.0,Sleman,6858407.079646017
775000000,"Ngemplak, Sleman",3,2,113.0,Sleman,6858407.079646017
2210000000,"Sleman, Sleman",10,10,230.0,Sleman,9608695.652173912
1380000000,"Sleman, Sleman",3,2,107.0,Sleman,12897196.261682242
1920000000,"Kalasan, Sleman",3,3,150.0,Sleman,12800000.0
1310000000,"Mlati, Sleman",4,2,101.0,Sleman,12970297.02970297
756000000,"Ngaglik, Sleman",3,1,104.0,Sleman,7269230.769230769
775000000,"Ngemplak, Sleman",3,2,113.0,Sleman,6858407.079646017
550000000,"Depok, Sleman",3,1,104.0,Sleman,5288461.538461538
1600000000,"Gamping, Sleman",5,4,143.0,Sleman,11188811.188811189
556000000,"Berbah, Sleman",2,1,84.0,Sleman,6619047.619047619
1650000000,"Depok, Sleman",3,3,130.0,Sleman,12692307.692307692
1480000000,"Sleman, Sleman",3,2,125.0,Sleman,11840000.0
3900000000,"Pakem, Sleman",4,4,450.0,Sleman,8666666.666666666
470000000,"Berbah, Sleman",2,1,90.0,Sleman,5222222.222222222
470000000,"Berbah, Sleman",2,1,90.0,Sleman,5222222.222222222
1950000000,"Depok, Sleman",3,3,128.0,Sleman,15234375.0
775000000,"Gamping, Sleman",3,2,80.0,Sleman,9687500.0
885000000,"Ngemplak, Sleman",4,2,145.0,Sleman,6103448.275862069
885000000,"Ngemplak, Sleman",4,2,142.0,Sleman,6232394.366197183
757000000,"Ngaglik, Sleman",2,1,95.0,Sleman,7968421.052631579
750000000,"Kalasan, Sleman",2,2,100.0,Sleman,7500000.0
4800000000,"Depok, Sleman",5,4,386.0,Sleman,12435233.160621762
961000000,"Ngaglik, Sleman",3,3,107.0,Sleman,8981308.411214953
1350000000,"Ngaglik, Sleman",3,3,106.0,Sleman,12735849.056603774
950000000,"Kalasan, Sleman",3,2,141.0,Sleman,6737588.652482269
495000000,"Kalasan, Sleman",2,1,107.0,Sleman,4626168.224299066
2400000000,"Mlati, Sleman",3,3,199.0,Sleman,12060301.507537689
1700000000,"Godean, Sleman",5,4,148.0,Sleman,11486486.486486487
1850000000,"Ngemplak, Sleman",4,4,220.0,Sleman,8409090.909090908
6500000000,"Mlati, Sleman",8,5,816.0,Sleman,7965686.274509804
5900000000,"Mlati, Sleman",7,3,522.0,Sleman,11302681.992337165
1100000000,"Ngaglik, Sleman",3,2,180.0,Sleman,6111111.111111111
2000000000,"Depok, Sleman",8,4,165.0,Sleman,12121212.121212121
520000000,"Kalasan, Sleman",3,1,85.0,Sleman,6117647.05882353
650000000,"Ngaglik, Sleman",3,2,96.0,Sleman,6770833.333333333
750000000,"Ngemplak, Sleman",3,1,103.0,Sleman,7281553.398058252
775000000,"Kalasan, Sleman",3,2,145.0,Sleman,5344827.586206896
675000000,"Kalasan, Sleman",3,2,125.0,Sleman,5400000.0
698000000,"Purwomartani   , Sleman",2,1,106.0,Sleman,6584905.660377358
735000000,"Ngemplak, Sleman",3,2,105.0,Sleman,7000000.0
735000000,"Ngemplak, Sleman",3,2,105.0,Sleman,7000000.0
799000000,"Mlati, Sleman",3,2,111.0,Sleman,7198198.198198198
799000000,"Mlati, Sleman",3,2,111.0,Sleman,7198198.198198198
698000000,"Kalasan, Sleman",2,1,106.0,Sleman,6584905.660377358
698000000,"Kalasan, Sleman",2,1,106.0,Sleman,6584905.660377358
720000000,"Kalasan, Sleman",3,2,87.0,Sleman,8275862.068965517
720000000,"Kalasan, Sleman",3,2,87.0,Sleman,8275862.068965517
500000000,"Kalasan, Sleman",3,2,104.0,Sleman,4807692.307692308
500000000,"Kalasan, Sleman",3,2,104.0,Sleman,4807692.307692308
1500000000,"Ngemplak, Sleman",5,3,115.0,Sleman,13043478.260869564
1500000000,"Ngemplak, Sleman",5,3,115.0,Sleman,13043478.260869564
720000000,"Ngaglik, Sleman",2,1,91.0,Sleman,7912087.912087912
720000000,"Ngaglik, Sleman",2,1,91.0,Sleman,7912087.912087912
835000000,"Condong Catur, Sleman",3,1,95.0,Sleman,8789473.684210526
756000000,"Ngaglik, Sleman",2,1,95.0,Sleman,7957894.736842105
756000000,"Ngaglik, Sleman",2,1,95.0,Sleman,7957894.736842105
2300000000,"Gamping, Sleman",4,4,182.0,Sleman,12637362.637362637
666000000,"Gamping, Sleman",2,1,87.0,Sleman,7655172.413793104
2200000000,"Mlati, Sleman",2,2,174.0,Sleman,12643678.16091954
950000000,"Purwomartani   , Sleman",3,2,141.0,Sleman,6737588.652482269
680000000,"Kalasan, Sleman",3,1,97.0,Sleman,7010309.278350515
3000000000,"Gamping, Sleman",4,4,243.0,Sleman,12345679.01234568
1770000000,"Ngaglik, Sleman",3,3,121.0,Sleman,14628099.173553718
2600000000,"Sleman, Sleman",14,5,203.0,Sleman,12807881.773399014
1950000000,"Depok, Sleman",3,4,128.0,Sleman,15234375.0
799000000,"Mlati, Sleman",3,2,111.0,Sleman,7198198.198198198
592000000,"Prambanan, Sleman",2,1,90.0,Sleman,6577777.777777778
3000000000,"Depok, Sleman",3,3,200.0,Sleman,15000000.0
1500000000,"Depok, Sleman",5,3,158.0,Sleman,9493670.88607595
1900000000,"Depok, Sleman",14,4,329.0,Sleman,5775075.987841945
725000000,"Mlati, Sleman",2,1,114.0,Sleman,6359649.1228070175
725000000,"Cebongan, Sleman",3,2,71.0,Sleman,10211267.605633803
756000000,"Ngaglik, Sleman",3,2,104.0,Sleman,7269230.769230769
735000000,"Ngaglik, Sleman",3,2,70.0,Sleman,10500000.0
640000000,"Ngaglik, Sleman",2,1,95.0,Sleman,6736842.105263158
820000000,"Purwomartani   , Sleman",3,2,109.0,Sleman,7522935.779816514
999000000,"Ngemplak, Sleman",3,3,100.0,Sleman,9990000.0
3500000000,"Ngaglik, Sleman",15,13,342.0,Sleman,10233918.12865497
789000000,"Ngaglik, Sleman",2,1,93.0,Sleman,8483870.967741935
450000000,"Godean, Sleman",2,1,82.0,Sleman,5487804.87804878
1450000000,"Depok, Sleman",3,3,110.0,Sleman,13181818.181818182
699000000,"Ngaglik, Sleman",3,2,117.0,Sleman,5974358.974358974
450000000,"Godean, Sleman",2,1,83.0,Sleman,5421686.746987952
999000000,"Ngaglik, Sleman",3,2,137.0,Sleman,7291970.802919708
1820000000,"Gamping, Sleman",3,3,140.0,Sleman,13000000.0
1850000000,"Godean, Sleman",3,3,329.0,Sleman,5623100.303951368
775000000,"Purwomartani   , Sleman",3,2,145.0,Sleman,5344827.586206896
750000000,"Ngaglik, Sleman",2,2,99.0,Sleman,7575757.575757576
1650000000,"Depok, Sleman",3,3,130.0,Sleman,12692307.692307692
999000000,"Depok, Sleman",4,4,103.0,Sleman,9699029.126213592
849000000,"Ngaglik, Sleman",3,2,120.0,Sleman,7075000.0
595000000,"Kalasan, Sleman",3,1,103.0,Sleman,5776699.029126214
595000000,"Kalasan, Sleman",3,1,103.0,Sleman,5776699.029126214
1400000000,"Sleman, Sleman",4,2,150.0,Sleman,9333333.333333334
3300000000,"Depok, Sleman",20,8,275.0,Sleman,12000000.0
1540000000,"Ngaglik, Sleman",4,4,120.0,Sleman,12833333.333333334
775000000,"Ngemplak, Sleman",3,2,113.0,Sleman,6858407.079646017
775000000,"Ngemplak, Sleman",3,2,113.0,Sleman,6858407.079646017
1450000000,"Ngemplak, Sleman",3,2,100.0,Sleman,14500000.0
1450000000,"Ngemplak, Sleman",3,2,100.0,Sleman,14500000.0
895000000,"Kalasan, Sleman",3,2,85.0,Sleman,10529411.764705881
1250000000,"Godean, Sleman",3,3,110.0,Sleman,11363636.363636363
562000000,"Sleman, Sleman",2,1,53.0,Sleman,10603773.58490566
725000000,"Sleman, Sleman",3,2,114.0,Sleman,6359649.1228070175
700000000,"Kalasan, Sleman",2,1,94.0,Sleman,7446808.510638298
1900000000,"Ngaglik, Sleman",2,1,198.0,Sleman,9595959.595959596
1250000000,"Jombor, Sleman",4,3,108.0,Sleman,11574074.074074075
675000000,"Gamping, Sleman",3,2,108.0,Sleman,6250000.0
1250000000,"Depok, Sleman",5,3,145.0,Sleman,8620689.655172413
1900000000,"Ngaglik, Sleman",4,2,162.0,Sleman,11728395.061728396
2000000000,"Depok, Sleman",3,5,158.0,Sleman,12658227.848101266
1980000000,"Ngaglik, Sleman",5,3,175.0,Sleman,11314285.714285715
4200000000,"Depok, Sleman",4,4,300.0,Sleman,14000000.0
880000000,"Depok, Sleman",3,2,104.0,Sleman,8461538.461538462
4000000000,"Depok, Sleman",10,10,273.0,Sleman,14652014.652014652
750000000,"Ngemplak, Sleman",3,1,103.0,Sleman,7281553.398058252
1520000000,"Ngaglik, Sleman",4,2,99.0,Sleman,15353535.353535354
520000000,"Sayegan, Sleman",2,1,90.0,Sleman,5777777.777777778
1700000000,"Gamping, Sleman",5,3,144.0,Sleman,11805555.555555556
1700000000,"Ngaglik, Sleman",2,1,114.0,Sleman,14912280.701754386
1700000000,"Gamping, Sleman",5,3,144.0,Sleman,11805555.555555556
1950000000,"Depok, Sleman",5,6,166.0,Sleman,11746987.951807229
487000000,"Cebongan, Sleman",3,1,95.0,Sleman,5126315.7894736845
999000000,"Godean, Sleman",3,1,145.0,Sleman,6889655.172413793
480000000,"Sayegan, Sleman",3,1,92.0,Sleman,5217391.304347826
532000000,"Godean, Sleman",3,1,91.0,Sleman,5846153.846153846
555000000,"Sayegan, Sleman",3,1,114.0,Sleman,4868421.052631579
530000000,"Mlati, Sleman",3,1,90.0,Sleman,5888888.888888889
2500000000,"Ngaglik, Sleman",4,4,265.0,Sleman,9433962.264150944
520000000,"Godean, Sleman",2,1,90.0,Sleman,5777777.777777778
735000000,"Ngemplak, Sleman",3,2,105.0,Sleman,7000000.0
1800000000,"Ngemplak, Sleman",4,2,168.0,Sleman,10714285.714285715
775000000,"Ngemplak, Sleman",3,2,113.0,Sleman,6858407.079646017
1500000000,"Kalasan, Sleman",5,3,158.0,Sleman,9493670.88607595
500000000,"Prambanan, Sleman",2,2,90.0,Sleman,5555555.555555556
900000000,"Ngaglik, Sleman",3,2,195.0,Sleman,4615384.615384615
700000000,"Berbah, Sleman",3,1,110.0,Sleman,6363636.363636363
375000000,"Kalasan, Sleman",2,1,72.0,Sleman,5208333.333333333
2200000000,"Ngaglik, Sleman",3,3,150.0,Sleman,14666666.666666666
1500000000,"Kalasan, Sleman",3,2,158.0,Sleman,9493670.88607595
4500000000,"Mlati, Sleman",4,4,564.0,Sleman,7978723.404255319
1200000000,"Depok, Sleman",3,2,130.0,Sleman,9230769.23076923
1790000000,"Ngaglik, Sleman",10,10,205.0,Sleman,8731707.31707317
520000000,"Mlati, Sleman",2,1,90.0,Sleman,5777777.777777778
395000000,"Pakem, Sleman",2,1,75.0,Sleman,5266666.666666667
783000000,"Gamping, Sleman",3,2,79.0,Sleman,9911392.405063292
1700000000,"Gamping, Sleman",4,2,144.0,Sleman,11805555.555555556
775000000,"Ngemplak, Sleman",3,2,145.0,Sleman,5344827.586206896
2450000000,"Kalasan, Sleman",4,4,175.0,Sleman,14000000.0
1100000000,"Godean, Sleman",3,1,145.0,Sleman,7586206.8965517245
1100000000,"Condong Catur, Sleman",3,2,150.0,Sleman,7333333.333333333
498000000,"Godean, Sleman",3,2,90.0,Sleman,5533333.333333333
2500000000,"Ngaglik, Sleman",2,1,209.0,Sleman,11961722.488038277
495000000,"Ngemplak, Sleman",2,1,72.0,Sleman,6875000.0
592000000,"Godean, Sleman",2,1,104.0,Sleman,5692307.692307692
1400000000,"Ngemplak, Sleman",3,4,150.0,Sleman,9333333.333333334
730000000,"Kalasan, Sleman",3,2,100.0,Sleman,7300000.0
4500000000,"Ngaglik, Sleman",12,8,650.0,Sleman,6923076.923076923
885000000,"Kalasan, Sleman",2,2,156.0,Sleman,5673076.923076923
885000000,"Kalasan, Sleman",2,2,156.0,Sleman,5673076.923076923
4700000000,"Ngaglik, Sleman",4,3,334.0,Sleman,14071856.28742515
4500000000,"Ngaglik, Sleman",12,8,650.0,Sleman,6923076.923076923
1470000000,"Depok, Sleman",4,3,178.0,Sleman,8258426.9662921345
1400000000,"Ngemplak, Sleman",3,4,150.0,Sleman,9333333.333333334
594000000,"Sleman, Sleman",2,1,79.0,Sleman,7518987.341772152
1490000000,"Kalasan, Sleman",5,4,126.0,Sleman,11825396.825396825
2230000000,"Ngaglik, Sleman",10,10,230.0,Sleman,9695652.173913043
580000000,"Kalasan, Sleman",3,2,100.0,Sleman,5800000.0
580000000,"Kalasan, Sleman",3,2,100.0,Sleman,5800000.0
680000000,"Ngaglik, Sleman",3,1,97.0,Sleman,7010309.278350515
3200000000,"Kalasan, Sleman",5,4,229.0,Sleman,13973799.126637554
2530000000,"Kalasan, Sleman",5,4,178.0,Sleman,14213483.146067416
295000000,"Kalasan, Sleman",2,1,36.0,Sleman,8194444.444444444
1970000000,"Ngaglik, Sleman",3,3,137.0,Sleman,14379562.043795621
571000000,"Sleman, Sleman",2,1,79.0,Sleman,7227848.101265823
610000000,"Sleman, Sleman",2,1,89.0,Sleman,6853932.584269663
591000000,"Sleman, Sleman",2,1,84.0,Sleman,7035714.285714285
580000000,"Sleman, Sleman",2,1,81.0,Sleman,7160493.8271604935
565000000,"Sleman, Sleman",2,1,76.0,Sleman,7434210.52631579
850000000,"Ngemplak, Sleman",2,1,93.0,Sleman,9139784.946236558
622000000,"Mlati, Sleman",2,1,115.0,Sleman,5408695.652173913
910000000,"Sleman, Sleman",4,2,106.0,Sleman,8584905.660377359
2400000000,"Ngaglik, Sleman",3,2,238.0,Sleman,10084033.613445379
1300000000,"Depok, Sleman",4,3,144.0,Sleman,9027777.777777778
850000000,"Sleman, Sleman",2,1,105.0,Sleman,8095238.095238095
4700000000,"Ngaglik, Sleman",4,3,334.0,Sleman,14071856.28742515
485000000,"Sayegan, Sleman",3,1,91.0,Sleman,5329670.32967033
520000000,"Godean, Sleman",2,1,90.0,Sleman,5777777.777777778
549000000,"Ngaglik, Sleman",2,1,90.0,Sleman,6100000.0
1900000000,"Ngaglik, Sleman",2,1,198.0,Sleman,9595959.595959596
775000000,"Kalasan, Sleman",3,2,145.0,Sleman,5344827.586206896
735000000,"Ngemplak, Sleman",3,2,105.0,Sleman,7000000.0
1250000000,"Ngaglik, Sleman",4,3,168.0,Sleman,7440476.19047619
765000000,"Kalasan, Sleman",3,2,118.0,Sleman,6483050.847457627
1780000000,"Depok, Sleman",5,3,120.0,Sleman,14833333.333333334
898000000,"Ngemplak, Sleman",3,2,90.0,Sleman,9977777.777777778
2000000000,"Caturtunggal, Sleman",5,3,133.0,Sleman,15037593.984962406
1500000000,"Condong Catur, Sleman",4,2,150.0,Sleman,10000000.0
1500000000,"Condong Catur, Sleman",3,3,150.0,Sleman,10000000.0
2000000000,"Ngaglik, Sleman",3,2,200.0,Sleman,10000000.0
756000000,"Ngaglik, Sleman",2,1,95.0,Sleman,7957894.736842105
747000000,"Cebongan, Sleman",3,2,89.0,Sleman,8393258.426966293
756000000,"Ngaglik, Sleman",2,1,95.0,Sleman,7957894.736842105
897000000,"Ngemplak, Sleman",3,2,107.0,Sleman,8383177.570093458
530000000,"Sayegan, Sleman",2,1,90.0,Sleman,5888888.888888889
520000000,"Godean, Sleman",2,1,90.0,Sleman,5777777.777777778
728000000,"Ngaglik, Sleman",2,1,105.0,Sleman,6933333.333333333
562000000,"Sleman, Sleman",2,1,92.0,Sleman,6108695.652173913
728000000,"Ngaglik, Sleman",2,1,105.0,Sleman,6933333.333333333
775000000,"Ngemplak, Sleman",3,2,132.0,Sleman,5871212.121212121
675000000,"Ngaglik, Sleman",2,1,121.0,Sleman,5578512.396694215
675000000,"Depok, Sleman",2,1,121.0,Sleman,5578512.396694215
753000000,"Godean, Sleman",3,2,84.0,Sleman,8964285.714285715
1970000000,"Depok, Sleman",5,6,166.0,Sleman,11867469.879518073
835000000,"Depok, Sleman",3,1,92.0,Sleman,9076086.956521738
775000000,"Ngaglik, Sleman",3,2,113.0,Sleman,6858407.079646017
592000000,"Prambanan, Sleman",2,1,90.0,Sleman,6577777.777777778
592000000,"Kalasan, Sleman",2,1,90.0,Sleman,6577777.777777778
1200000000,"Purwomartani   , Sleman",3,3,100.0,Sleman,12000000.0
775000000,"Kalasan, Sleman",3,2,145.0,Sleman,5344827.586206896
1450000000,"Depok, Sleman",3,3,110.0,Sleman,13181818.181818182
650000000,"Sayegan, Sleman",3,2,103.0,Sleman,6310679.611650486
1100000000,"Godean, Sleman",3,1,142.0,Sleman,7746478.873239436
1390000000,"Ngaglik, Sleman",3,2,103.0,Sleman,13495145.631067961
895000000,"Mlati, Sleman",3,2,112.0,Sleman,7991071.428571428
500000000,"Kalasan, Sleman",3,2,104.0,Sleman,4807692.307692308
750000000,"Gamping, Sleman",2,1,89.0,Sleman,8426966.29213483
756000000,"Ngaglik, Sleman",2,1,140.0,Sleman,5400000.0
1780000000,"Depok, Sleman",4,3,118.0,Sleman,15084745.762711864
2400000000,"Kaliurang, Yogyakarta",3,3,403.0,Yogyakarta,5955334.987593052
455000000,"Umbulharjo, Yogyakarta",2,1,61.0,Yogyakarta,7459016.393442623
1300000000,"Umbulharjo, Yogyakarta",3,2,134.0,Yogyakarta,9701492.537313433
6500000000,"Umbulharjo, Yogyakarta",11,11,500.0,Yogyakarta,13000000.0
845000000,"Umbulharjo, Yogyakarta",2,2,60.0,Yogyakarta,14083333.333333334
1200000000,"Sleman, Yogyakarta",4,5,128.0,Yogyakarta,9375000.0
1650000000,"Maguwoharjo, Yogyakarta",3,3,200.0,Yogyakarta,8250000.0
1500000000,"Umbulharjo, Yogyakarta",4,3,204.0,Yogyakarta,7352941.176470588
650000000,"Kotagede, Yogyakarta",4,2,90.0,Yogyakarta,7222222.222222222
775000000,"Sleman, Yogyakarta",2,1,132.0,Yogyakarta,5871212.121212121
695000000,"Pogung, Yogyakarta",2,2,100.0,Yogyakarta,6950000.0
4250000000,"Mantrijeron, Yogyakarta",3,3,425.0,Yogyakarta,10000000.0
815000000,"Umbulharjo, Yogyakarta",2,2,75.0,Yogyakarta,10866666.666666666
580000000,"Sleman, Yogyakarta",3,2,90.0,Yogyakarta,6444444.444444444
4250000000,"Mantrijeron, Yogyakarta",3,3,425.0,Yogyakarta,10000000.0
799000000,"Umbulharjo, Yogyakarta",3,2,75.0,Yogyakarta,10653333.333333334
800000000,"Bantul, Yogyakarta",3,2,101.0,Yogyakarta,7920792.0792079205
1450000000,"Danurejan, Yogyakarta",3,3,110.0,Yogyakarta,13181818.181818182
1990000000,"Sleman, Yogyakarta",3,3,172.0,Yogyakarta,11569767.441860465
2950000000,"Wirobrajan, Yogyakarta",4,3,213.0,Yogyakarta,13849765.258215962
895000000,"Kotagede, Yogyakarta",3,2,91.0,Yogyakarta,9835164.835164836
1200000000,"Umbulharjo, Yogyakarta",3,2,115.0,Yogyakarta,10434782.608695652
765000000,"Umbulharjo, Yogyakarta",2,1,101.0,Yogyakarta,7574257.425742574
725000000,"Maguwoharjo, Yogyakarta",3,2,100.0,Yogyakarta,7250000.0
884000000,"Maguwoharjo, Yogyakarta",4,2,104.0,Yogyakarta,8500000.0
690000000,"Seturan, Yogyakarta",2,1,87.0,Yogyakarta,7931034.482758621
875000000,"Maguwoharjo, Yogyakarta",3,2,112.0,Yogyakarta,7812500.0
1850000000,"Tegalrejo, Yogyakarta",4,3,147.0,Yogyakarta,12585034.013605442
2200000000,"Umbulharjo, Yogyakarta",5,6,495.0,Yogyakarta,4444444.444444444
5200000000,"Umbulharjo, Yogyakarta",12,12,525.0,Yogyakarta,9904761.904761905
4250000000,"Mantrijeron, Yogyakarta",3,3,425.0,Yogyakarta,10000000.0
1450000000,"Kraton, Yogyakarta",3,3,110.0,Yogyakarta,13181818.181818182
1940000000,"Danurejan, Yogyakarta",3,3,150.0,Yogyakarta,12933333.333333334
580000000,"Cebongan, Yogyakarta",3,2,101.0,Yogyakarta,5742574.257425742
850000000,"Kraton, Yogyakarta",4,3,126.0,Yogyakarta,6746031.746031746
2600000000,"Maguwoharjo, Yogyakarta",4,3,150.0,Yogyakarta,17333333.333333332
1600000000,"Danurejan, Yogyakarta",4,2,125.0,Yogyakarta,12800000.0
1750000000,"Tegalrejo, Yogyakarta",4,4,187.0,Yogyakarta,9358288.770053476
1300000000,"Umbulharjo, Yogyakarta",3,3,135.0,Yogyakarta,9629629.629629629
1880000000,"Kotagede, Yogyakarta",3,2,150.0,Yogyakarta,12533333.333333334
900000000,"Kotagede, Yogyakarta",4,2,140.0,Yogyakarta,6428571.428571428
990000000,"Maguwoharjo, Yogyakarta",3,3,103.0,Yogyakarta,9611650.485436894
695000000,"Maguwoharjo, Yogyakarta",3,2,94.0,Yogyakarta,7393617.021276596
14000000000,"Kotagede, Yogyakarta",13,13,1200.0,Yogyakarta,11666666.666666666
1350000000,"Wirobrajan, Yogyakarta",3,2,105.0,Yogyakarta,12857142.857142856
1300000000,"Wirobrajan, Yogyakarta",3,2,161.0,Yogyakarta,8074534.161490683
875000000,"Mantrijeron, Yogyakarta",3,2,85.0,Yogyakarta,10294117.647058824
799000000,"Mantrijeron, Yogyakarta",3,1,119.0,Yogyakarta,6714285.714285715
1000000000,"Wirobrajan, Yogyakarta",5,3,180.0,Yogyakarta,5555555.555555556
998000000,"Maguwoharjo, Yogyakarta",3,3,103.0,Yogyakarta,9689320.388349514
8000000000,"Pogung, Yogyakarta",7,4,1300.0,Yogyakarta,6153846.153846154
1300000000,"Mantrijeron, Yogyakarta",5,2,112.0,Yogyakarta,11607142.857142856
1300000000,"Mantrijeron, Yogyakarta",5,4,150.0,Yogyakarta,8666666.666666666
1500000000,"Maguwoharjo, Yogyakarta",3,4,151.0,Yogyakarta,9933774.834437085
7250000000,"Mergangsan, Yogyakarta",23,11,500.0,Yogyakarta,14500000.0
2550000000,"Maguwoharjo, Yogyakarta",4,4,175.0,Yogyakarta,14571428.57142857
7900000000,"Kraton, Yogyakarta",6,6,816.0,Yogyakarta,9681372.549019609
556000000,"Gondokusuman, Yogyakarta",2,1,84.0,Yogyakarta,6619047.619047619
2530000000,"Maguwoharjo, Yogyakarta",4,4,175.0,Yogyakarta,14457142.857142856
898000000,"Maguwoharjo, Yogyakarta",3,2,90.0,Yogyakarta,9977777.777777778
1600000000,"Mergangsan, Yogyakarta",12,12,425.0,Yogyakarta,3764705.882352941
2900000000,"Umbulharjo, Yogyakarta",3,2,365.0,Yogyakarta,7945205.479452055
4250000000,"Mantrijeron, Yogyakarta",3,3,425.0,Yogyakarta,10000000.0
2540000000,"Maguwoharjo, Yogyakarta",4,4,175.0,Yogyakarta,14514285.714285715
950000000,"Kraton, Yogyakarta",3,4,135.0,Yogyakarta,7037037.037037037
525000000,"Kaliurang, Yogyakarta",2,1,126.0,Yogyakarta,4166666.6666666665
1250000000,"Kotagede, Yogyakarta",2,1,135.0,Yogyakarta,9259259.25925926
1600000000,"Mergangsan, Yogyakarta",12,12,425.0,Yogyakarta,3764705.882352941
13000000000,"Pakualaman, Yogyakarta",3,1,838.0,Yogyakarta,15513126.491646778
4200000000,"Sleman, Yogyakarta",4,4,564.0,Yogyakarta,7446808.510638298
4250000000,"Mantrijeron, Yogyakarta",3,3,425.0,Yogyakarta,10000000.0
895000000,"Sleman, Yogyakarta",3,1,157.0,Yogyakarta,5700636.942675159
1450000000,"Wirobrajan, Yogyakarta",3,3,110.0,Yogyakarta,13181818.181818182
2109999999,"Sleman, Yogyakarta",4,3,192.0,Yogyakarta,10989583.328125
1820000000,"Wirobrajan, Yogyakarta",3,2,140.0,Yogyakarta,13000000.0
1400000000,"Maguwoharjo, Yogyakarta",3,2,174.0,Yogyakarta,8045977.011494253
2000000000,"Mergangsan, Yogyakarta",5,2,393.0,Yogyakarta,5089058.524173028
3100000000,"Sleman, Yogyakarta",7,4,225.0,Yogyakarta,13777777.777777778
1450000000,"Mantrijeron, Yogyakarta",3,2,110.0,Yogyakarta,13181818.181818182
1700000000,"Sleman, Yogyakarta",3,2,135.0,Yogyakarta,12592592.592592593
590000000,"Mantrijeron, Yogyakarta",2,1,85.0,Yogyakarta,6941176.470588235
4250000000,"Mantrijeron, Yogyakarta",3,3,425.0,Yogyakarta,10000000.0
1400000000,"Maguwoharjo, Yogyakarta",3,2,205.0,Yogyakarta,6829268.292682927
2400000000,"Sleman, Yogyakarta",4,3,403.0,Yogyakarta,5955334.987593052
1400000000,"Maguwoharjo, Yogyakarta",3,2,205.0,Yogyakarta,6829268.292682927
695000000,"Kaliurang, Yogyakarta",2,2,100.0,Yogyakarta,6950000.0
20000000000,"Umbulharjo, Yogyakarta",47,47,2085.0,Yogyakarta,9592326.13908873
1950000000,"Wirobrajan, Yogyakarta",3,2,168.0,Yogyakarta,11607142.857142856
1700000000,"Umbulharjo, Yogyakarta",4,3,200.0,Yogyakarta,8500000.0
850000000,"Gondokusuman, Yogyakarta",3,1,87.0,Yogyakarta,9770114.942528736
775000000,"Maguwoharjo, Yogyakarta",3,2,145.0,Yogyakarta,5344827.586206896
595000000,"Mantrijeron, Yogyakarta",2,1,82.0,Yogyakarta,7256097.560975609
1100000000,"Umbulharjo, Yogyakarta",4,2,154.0,Yogyakarta,7142857.142857143
1470000000,"Maguwoharjo, Yogyakarta",4,3,178.0,Yogyakarta,8258426.9662921345
4750000000,"Gondokusuman, Yogyakarta",4,4,309.0,Yogyakarta,15372168.284789644
1490000000,"Maguwoharjo, Yogyakarta",5,4,126.0,Yogyakarta,11825396.825396825
1790000000,"Maguwoharjo, Yogyakarta",4,3,119.0,Yogyakarta,15042016.80672269
900000000,"Maguwoharjo, Yogyakarta",4,2,204.0,Yogyakarta,4411764.705882353
1790000000,"Maguwoharjo, Yogyakarta",4,3,119.0,Yogyakarta,15042016.80672269
825000000,"Umbulharjo, Yogyakarta",3,2,102.0,Yogyakarta,8088235.294117647
1250000000,"Pogung, Yogyakarta",3,2,135.0,Yogyakarta,9259259.25925926
950000000,"Umbulharjo, Yogyakarta",3,2,72.0,Yogyakarta,13194444.444444444
1950000000,"Wirobrajan, Yogyakarta",3,2,170.0,Yogyakarta,11470588.235294119
520000000,"Gedong Tengen, Yogyakarta",2,1,90.0,Yogyakarta,5777777.777777778
4300000000,"Gondokusuman, Yogyakarta",5,2,782.0,Yogyakarta,5498721.227621484
580000000,"Kotagede, Yogyakarta",2,1,66.0,Yogyakarta,8787878.787878787
675000000,"Bantul, Yogyakarta",2,1,85.0,Yogyakarta,7941176.470588235
2350000000,"Tegalrejo, Yogyakarta",3,2,213.0,Yogyakarta,11032863.849765258
2350000000,"Wirobrajan, Yogyakarta",4,3,184.0,Yogyakarta,12771739.130434783
1500000000,"Wirobrajan, Yogyakarta",3,2,148.0,Yogyakarta,10135135.135135135
1350000000,"Wirobrajan, Yogyakarta",6,3,271.0,Yogyakarta,4981549.815498155
2650000000,"Gondokusuman, Yogyakarta",4,3,189.0,Yogyakarta,14021164.02116402
720000000,"Pogung, Yogyakarta",2,1,126.0,Yogyakarta,5714285.714285715
9500000000,"Pogung, Yogyakarta",4,3,1059.0,Yogyakarta,8970727.101038715
1900000000,"Maguwoharjo, Yogyakarta",5,5,166.0,Yogyakarta,11445783.132530121
2750000000,"Wirobrajan, Yogyakarta",2,3,579.0,Yogyakarta,4749568.221070812
3500000000,"Demangan, Yogyakarta",6,3,341.0,Yogyakarta,10263929.618768329
2000000000,"Tegalrejo, Yogyakarta",3,2,167.0,Yogyakarta,11976047.904191617
695000000,"Kaliurang, Yogyakarta",3,2,88.0,Yogyakarta,7897727.2727272725
5000000000,"Wirobrajan, Yogyakarta",7,3,581.0,Yogyakarta,8605851.979345955
1500000000,"Gondokusuman, Yogyakarta",5,3,185.0,Yogyakarta,8108108.108108108
670000000,"Jetis, Yogyakarta",3,2,136.0,Yogyakarta,4926470.588235294
950000000,"Umbulharjo, Yogyakarta",11,3,100.0,Yogyakarta,9500000.0
980000000,"Umbulharjo, Yogyakarta",6,6,100.0,Yogyakarta,9800000.0
1450000000,"Umbulharjo, Yogyakarta",6,7,150.0,Yogyakarta,9666666.666666666
450000000,"Jetis, Yogyakarta",2,1,82.0,Yogyakarta,5487804.87804878
3500000000,"Tegalrejo, Yogyakarta",10,9,195.0,Yogyakarta,17948717.948717948
900000000,"Umbulharjo, Yogyakarta",16,5,170.0,Yogyakarta,5294117.647058823
790000000,"Umbulharjo, Yogyakarta",3,2,75.0,Yogyakarta,10533333.333333334
1600000000,"Mergangsan, Yogyakarta",12,12,425.0,Yogyakarta,3764705.882352941
1600000000,"Mergangsan, Yogyakarta",12,12,425.0,Yogyakarta,3764705.882352941
2350000000,"Wirobrajan, Yogyakarta",4,3,184.0,Yogyakarta,12771739.130434783
999000000,"Maguwoharjo, Yogyakarta",3,3,103.0,Yogyakarta,9699029.126213592
725000000,"Jetis, Yogyakarta",3,2,114.0,Yogyakarta,6359649.1228070175
725000000,"Gondokusuman, Yogyakarta",3,2,114.0,Yogyakarta,6359649.1228070175
999000000,"Demangan, Yogyakarta",4,4,103.0,Yogyakarta,9699029.126213592
5300000000,"Gedong Tengen, Yogyakarta",7,4,369.0,Yogyakarta,14363143.631436314
680000000,"Umbulharjo, Yogyakarta",2,1,68.0,Yogyakarta,10000000.0
664000000,"Kaliurang, Yogyakarta",5,3,166.0,Yogyakarta,4000000.0
2540000000,"Maguwoharjo, Yogyakarta",4,4,175.0,Yogyakarta,14514285.714285715
4400000000,"Umbulharjo, Yogyakarta",7,5,525.0,Yogyakarta,8380952.380952381
2500000000,"Kraton, Yogyakarta",6,3,393.0,Yogyakarta,6361323.155216285
1900000000,"Wirobrajan, Yogyakarta",5,1,250.0,Yogyakarta,7600000.0
1300000000,"Umbulharjo, Yogyakarta",2,2,134.0,Yogyakarta,9701492.537313433
1780000000,"Maguwoharjo, Yogyakarta",4,3,118.0,Yogyakarta,15084745.762711864
750000000,"Sleman, Yogyakarta",3,2,120.0,Yogyakarta,6250000.0
1490000000,"Maguwoharjo, Yogyakarta",5,3,115.0,Yogyakarta,12956521.739130436
2600000000,"Pogung, Yogyakarta",4,3,190.0,Yogyakarta,13684210.52631579
580000000,"Kotagede, Yogyakarta",2,1,66.0,Yogyakarta,8787878.787878787
1820000000,"Wirobrajan, Yogyakarta",3,2,140.0,Yogyakarta,13000000.0
850000000,"Umbulharjo, Yogyakarta",2,1,90.0,Yogyakarta,9444444.444444444
1100000000,"Mantrijeron, Yogyakarta",1,1,149.0,Yogyakarta,7382550.3355704695
2530000000,"Maguwoharjo, Yogyakarta",4,3,175.0,Yogyakarta,14457142.857142856
1450000000,"Maguwoharjo, Yogyakarta",4,3,125.0,Yogyakarta,11600000.0
1340000000,"Maguwoharjo, Yogyakarta",3,2,103.0,Yogyakarta,13009708.737864077
2560000000,"Maguwoharjo, Yogyakarta",5,4,179.0,Yogyakarta,14301675.977653632
2700000000,"Sleman, Yogyakarta",4,3,213.0,Yogyakarta,12676056.338028168
1450000000,"Wirobrajan, Yogyakarta",3,3,110.0,Yogyakarta,13181818.181818182
3200000000,"Maguwoharjo, Yogyakarta",5,4,225.0,Yogyakarta,14222222.222222222
2900000000,"Sleman, Yogyakarta",4,3,189.0,Yogyakarta,15343915.343915343
4750000000,"Sleman, Yogyakarta",5,5,267.0,Yogyakarta,17790262.172284644
12000000000,"Sleman, Yogyakarta",29,2,787.0,Yogyakarta,15247776.365946632
735000000,"Maguwoharjo, Yogyakarta",3,2,105.0,Yogyakarta,7000000.0
1370000000,"Maguwoharjo, Yogyakarta",4,3,183.0,Yogyakarta,7486338.797814208
2500000000,"Kraton, Yogyakarta",3,3,247.0,Yogyakarta,10121457.489878543
850000000,"Sleman, Yogyakarta",2,2,98.0,Yogyakarta,8673469.387755102
930000000,"Sleman, Yogyakarta",4,5,211.0,Yogyakarta,4407582.938388625
650000000,"Sleman, Yogyakarta",3,2,98.0,Yogyakarta,6632653.0612244895
760000000,"Sleman, Yogyakarta",4,2,132.0,Yogyakarta,5757575.757575758
985000000,"Sleman, Yogyakarta",2,2,125.0,Yogyakarta,7880000.0
800000000,"Mantrijeron, Yogyakarta",4,2,107.0,Yogyakarta,7476635.514018691
275000000,"Gondokusuman, Yogyakarta",2,1,61.0,Yogyakarta,4508196.721311475
278000000,"Wirobrajan, Yogyakarta",2,1,71.0,Yogyakarta,3915492.9577464787
1700000000,"Umbulharjo, Yogyakarta",4,3,200.0,Yogyakarta,8500000.0
1750000000,"Kraton, Yogyakarta",5,6,347.0,Yogyakarta,5043227.6657060515
15500000000,"Gondomanan, Yogyakarta",22,22,895.0,Yogyakarta,17318435.754189946
2100000000,"Wirobrajan, Yogyakarta",4,3,200.0,Yogyakarta,10500000.0
690000000,"Maguwoharjo, Yogyakarta",3,2,97.0,Yogyakarta,7113402.06185567
1400000000,"Umbulharjo, Yogyakarta",3,2,134.0,Yogyakarta,10447761.19402985
890000000,"Kotagede, Yogyakarta",3,2,85.0,Yogyakarta,10470588.235294119
675000000,"Kotagede, Yogyakarta",2,1,85.0,Yogyakarta,7941176.470588235
227000000,"Maguwoharjo, Yogyakarta",2,1,60.0,Yogyakarta,3783333.3333333335
12000000000,"Maguwoharjo, Yogyakarta",49,49,926.0,Yogyakarta,12958963.282937365
675000000,"Bantul, Yogyakarta",2,1,85.0,Yogyakarta,7941176.470588235
255000000,"Danurejan, Yogyakarta",1,2,62.0,Yogyakarta,4112903.2258064514
1820000000,"Jetis, Yogyakarta",3,2,140.0,Yogyakarta,13000000.0
850000000,"Umbulharjo, Yogyakarta",3,3,70.0,Yogyakarta,12142857.142857144
1150000000,"Wirobrajan, Yogyakarta",2,1,93.0,Yogyakarta,12365591.397849463
1650000000,"Kotagede, Yogyakarta",3,2,301.0,Yogyakarta,5481727.57475083
1450000000,"Maguwoharjo, Yogyakarta",5,3,125.0,Yogyakarta,11600000.0
1970000000,"Maguwoharjo, Yogyakarta",5,6,166.0,Yogyakarta,11867469.879518073
1940000000,"Maguwoharjo, Yogyakarta",3,2,150.0,Yogyakarta,12933333.333333334
4400000000,"Umbulharjo, Yogyakarta",7,5,525.0,Yogyakarta,8380952.380952381
2500000000,"Kraton, Yogyakarta",6,3,393.0,Yogyakarta,6361323.155216285
1900000000,"Wirobrajan, Yogyakarta",5,1,250.0,Yogyakarta,7600000.0
1300000000,"Umbulharjo, Yogyakarta",2,2,134.0,Yogyakarta,9701492.537313433
890000000,"Kotagede, Yogyakarta",3,2,85.0,Yogyakarta,10470588.235294119
950000000,"Kotagede, Yogyakarta",4,4,90.0,Yogyakarta,10555555.555555556
5300000000,"Gedong Tengen, Yogyakarta",7,4,369.0,Yogyakarta,14363143.631436314
675000000,"Bantul, Yogyakarta",2,1,85.0,Yogyakarta,7941176.470588235
1940000000,"Maguwoharjo, Yogyakarta",3,2,150.0,Yogyakarta,12933333.333333334
2000000000,"Maguwoharjo, Yogyakarta",6,5,254.0,Yogyakarta,7874015.748031496
999000000,"Maguwoharjo, Yogyakarta",3,3,103.0,Yogyakarta,9699029.126213592
3500000000,"Kraton, Yogyakarta",6,5,220.0,Yogyakarta,15909090.909090908
3500000000,"Tegalrejo, Yogyakarta",2,3,302.0,Yogyakarta,11589403.973509934
1820000000,"Wirobrajan, Yogyakarta",3,2,140.0,Yogyakarta,13000000.0
270000000,"Maguwoharjo, Yogyakarta",2,1,61.0,Yogyakarta,4426229.508196721
1500000000,"Sleman, Yogyakarta",6,4,138.0,Yogyakarta,10869565.217391305
875000000,"Umbulharjo, Yogyakarta",3,1,90.0,Yogyakarta,9722222.222222222
3870000000,"Sleman, Yogyakarta",3,3,204.0,Yogyakarta,18970588.23529412
3000000000,"Danurejan, Yogyakarta",12,5,459.0,Yogyakarta,6535947.712418301
560000000,"Imogiri, Yogyakarta",3,1,82.0,Yogyakarta,6829268.292682927
580000000,"Kotagede, Yogyakarta",2,1,66.0,Yogyakarta,8787878.787878787
875000000,"Umbulharjo, Yogyakarta",4,2,122.0,Yogyakarta,7172131.147540984
775000000,"Umbulharjo, Yogyakarta",2,1,80.0,Yogyakarta,9687500.0
4500000000,"Gondokusuman, Yogyakarta",15,5,495.0,Yogyakarta,9090909.090909092
594000000,"Sleman, Yogyakarta",2,1,79.0,Yogyakarta,7518987.341772152
1100000000,"Bantul, Yogyakarta",3,2,160.0,Yogyakarta,6875000.0
1850000000,"Maguwoharjo, Yogyakarta",3,3,150.0,Yogyakarta,12333333.333333334
1300000000,"Mantrijeron, Yogyakarta",5,3,150.0,Yogyakarta,8666666.666666666
6800000000,"Gondokusuman, Yogyakarta",8,5,447.0,Yogyakarta,15212527.964205816
1100000000,"Pogung, Yogyakarta",3,1,110.0,Yogyakarta,10000000.0
889000000,"Kotagede, Yogyakarta",3,2,85.0,Yogyakarta,10458823.529411765
1970000000,"Maguwoharjo, Yogyakarta",5,6,166.0,Yogyakarta,11867469.879518073
735000000,"Maguwoharjo, Yogyakarta",3,2,105.0,Yogyakarta,7000000.0
747000000,"Sleman, Yogyakarta",3,2,62.0,Yogyakarta,12048387.096774194
850000000,"Sleman, Yogyakarta",3,2,107.0,Yogyakarta,7943925.23364486
884000000,"Maguwoharjo, Yogyakarta",4,2,142.0,Yogyakarta,6225352.112676056
950000000,"Nologaten, Yogyakarta",4,4,90.0,Yogyakarta,10555555.555555556
2100000000,"Maguwoharjo, Yogyakarta",3,3,120.0,Yogyakarta,17500000.0
890000000,"Kotagede, Yogyakarta",3,2,85.0,Yogyakarta,10470588.235294119
5300000000,"Gedong Tengen, Yogyakarta",7,4,369.0,Yogyakarta,14363143.631436314
1500000000,"Umbulharjo, Yogyakarta",3,2,112.0,Yogyakarta,13392857.142857144
1500000000,"Maguwoharjo, Yogyakarta",4,3,120.0,Yogyakarta,12500000.0
1300000000,"Jetis, Yogyakarta",4,2,181.0,Yogyakarta,7182320.441988951
1490000000,"Maguwoharjo, Yogyakarta",5,4,126.0,Yogyakarta,11825396.825396825
1470000000,"Maguwoharjo, Yogyakarta",3,3,178.0,Yogyakarta,8258426.9662921345
1800000000,"Umbulharjo, Yogyakarta",3,3,333.0,Yogyakarta,5405405.405405405
5250000000,"Caturtunggal, Yogyakarta",5,4,448.0,Yogyakarta,11718750.0
1260000000,"Gondokusuman, Yogyakarta",3,3,103.0,Yogyakarta,12233009.708737863
850000000,"Maguwoharjo, Yogyakarta",3,2,112.0,Yogyakarta,7589285.714285715
1970000000,"Maguwoharjo, Yogyakarta",5,6,166.0,Yogyakarta,11867469.879518073
890000000,"Nologaten, Yogyakarta",3,2,85.0,Yogyakarta,10470588.235294119
1400000000,"Sleman, Yogyakarta",3,1,120.0,Yogyakarta,11666666.666666666
2150000000,"Maguwoharjo, Yogyakarta",15,5,238.0,Yogyakarta,9033613.44537815
885000000,"Maguwoharjo, Yogyakarta",4,2,142.0,Yogyakarta,6232394.366197183
775000000,"Maguwoharjo, Yogyakarta",3,2,132.0,Yogyakarta,5871212.121212121
668000000,"Maguwoharjo, Yogyakarta",3,2,120.0,Yogyakarta,5566666.666666667
599000000,"Kotagede, Yogyakarta",2,1,90.0,Yogyakarta,6655555.555555556
6500000000,"Bantul, Yogyakarta",5,5,717.0,Yogyakarta,9065550.90655509
4500000000,"Gondokusuman, Yogyakarta",15,5,448.0,Yogyakarta,10044642.857142856
42100000000,"Wirobrajan, Yogyakarta",6,2,4213.0,Yogyakarta,9992879.183479706
14000000000,"Umbulharjo, Yogyakarta",2,2,990.0,Yogyakarta,14141414.141414141
11000000000,"Caturtunggal, Yogyakarta",15,3,580.0,Yogyakarta,18965517.24137931
1820000000,"Wirobrajan, Yogyakarta",3,2,140.0,Yogyakarta,13000000.0
3500000000,"Maguwoharjo, Yogyakarta",3,3,728.0,Yogyakarta,4807692.307692308
3500000000,"Maguwoharjo, Yogyakarta",2,3,338.0,Yogyakarta,10355029.585798817
1470000000,"Gondomanan, Yogyakarta",3,2,175.0,Yogyakarta,8400000.0
5300000000,"Maguwoharjo, Yogyakarta",30,30,427.0,Yogyakarta,12412177.985948477
500000000,"Sleman, Yogyakarta",2,1,80.0,Yogyakarta,6250000.0
349000000,"Kulonprogo, Yogyakarta",2,1,74.0,Yogyakarta,4716216.216216216
1500000000,"Purwomartani, Yogyakarta",5,3,158.0,Yogyakarta,9493670.88607595
1500000000,"Jetis, Yogyakarta",5,3,135.0,Yogyakarta,11111111.111111112
685000000,"Sleman, Yogyakarta",3,2,120.0,Yogyakarta,5708333.333333333
750000000,"Sleman, Yogyakarta",3,2,120.0,Yogyakarta,6250000.0
1500000000,"Maguwoharjo, Yogyakarta",3,4,150.0,Yogyakarta,10000000.0
900000000,"Umbulharjo, Yogyakarta",16,5,171.0,Yogyakarta,5263157.894736842
1200000000,"Maguwoharjo, Yogyakarta",3,3,100.0,Yogyakarta,12000000.0
960000000,"Kaliurang, Yogyakarta",3,3,107.0,Yogyakarta,8971962.616822429
2950000000,"Maguwoharjo, Yogyakarta",12,12,200.0,Yogyakarta,14750000.0
999000000,"Maguwoharjo, Yogyakarta",3,3,103.0,Yogyakarta,9699029.126213592
600000000,"Maguwoharjo, Yogyakarta",3,1,109.0,Yogyakarta,5504587.155963303
1780000000,"Maguwoharjo, Yogyakarta",4,3,120.0,Yogyakarta,14833333.333333334
1780000000,"Maguwoharjo, Yogyakarta",4,3,120.0,Yogyakarta,14833333.333333334
2520000000,"Maguwoharjo, Yogyakarta",5,4,177.0,Yogyakarta,14237288.13559322
2850000000,"Caturtunggal, Yogyakarta",5,2,290.0,Yogyakarta,9827586.206896551
2530000000,"Maguwoharjo, Yogyakarta",5,4,178.0,Yogyakarta,14213483.146067416
1000000000,"Mergangsan, Yogyakarta",2,1,96.0,Yogyakarta,10416666.666666666
950000000,"Bantul, Yogyakarta",3,2,181.0,Yogyakarta,5248618.784530386
1890000000,"Maguwoharjo, Yogyakarta",3,3,150.0,Yogyakarta,12600000.0
743000000,"Danurejan, Yogyakarta",3,2,81.0,Yogyakarta,9172839.50617284
4400000000,"Umbulharjo, Yogyakarta",7,5,525.0,Yogyakarta,8380952.380952381
2500000000,"Kraton, Yogyakarta",6,3,393.0,Yogyakarta,6361323.155216285
1900000000,"Wirobrajan, Yogyakarta",5,1,250.0,Yogyakarta,7600000.0
1300000000,"Umbulharjo, Yogyakarta",2,2,134.0,Yogyakarta,9701492.537313433
6700000000,"Sekip, Yogyakarta",7,4,530.0,Yogyakarta,12641509.433962265
790000000,"Nologaten, Yogyakarta",3,2,75.0,Yogyakarta,10533333.333333334
753000000,"Demangan, Yogyakarta",3,2,84.0,Yogyakarta,8964285.714285715
559000000,"Maguwoharjo, Yogyakarta",2,1,85.0,Yogyakarta,6576470.588235294
737000000,"Gondomanan, Yogyakarta",3,2,79.0,Yogyakarta,9329113.924050633
743000000,"Jetis, Yogyakarta",3,2,81.0,Yogyakarta,9172839.50617284
7000000000,"Mergangsan, Yogyakarta",4,4,527.0,Yogyakarta,13282732.447817836
970000000,"Umbulharjo, Yogyakarta",3,1,145.0,Yogyakarta,6689655.172413793
1800000000,"Kotagede, Yogyakarta",3,2,112.0,Yogyakarta,16071428.57142857
1820000000,"Gondokusuman, Yogyakarta",3,3,140.0,Yogyakarta,13000000.0
2000000000,"Sleman, Yogyakarta",4,3,182.0,Yogyakarta,10989010.98901099
2500000000,"Bantul, Yogyakarta",5,3,241.0,Yogyakarta,10373443.983402489
2300000000,"Sleman, Yogyakarta",4,3,182.0,Yogyakarta,12637362.637362637
2300000000,"Sleman, Yogyakarta",4,3,200.0,Yogyakarta,11500000.0
